"Authors","Author full names","Author(s) ID","Title","Year","Source title","Volume","Issue","Art. No.","Page start","Page end","Cited by","DOI","Link","Abstract","Author Keywords","Index Keywords","Document Type","Publication Stage","Open Access","Source","EID"
"Wang Y.; Wang X.; Hui H.; Pian K.","Wang, Yanying (59654030000); Wang, Xianzhi (58773984700); Hui, Hongkuan (55511318200); Pian, Kang (60321723000)","59654030000; 58773984700; 55511318200; 60321723000","Agricultural water savings and productivity responses to groundwater governance in the North China Plain","2026","Agricultural Water Management","330","","110409","","","0","10.1016/j.agwat.2026.110409","https://www.scopus.com/pages/publications/105038139643?origin=resultslist","Groundwater depletion driven by irrigated agriculture poses a critical constraint on agricultural sustainability in the North China Plain. Using multi-source Earth observation data, causal inference, and a nested spatial design, this study assesses agricultural productivity responses and groundwater-relevant water use under groundwater governance in the North China Plain. We reconstruct a 10 m solar-induced chlorophyll fluorescence (SIF) dataset through Sentinel-1/2 data fusion to characterize field-scale photosynthetic activity, extract photosynthetic phenology, and apply a double machine learning framework to identify cropping-regime effects while controlling for high-dimensional confounding factors. The results show that although agricultural productivity exhibits an overall greening trend, productivity enhancement remains closely associated with persistent groundwater stress in groundwater-dependent areas. Groundwater governance can reduce consumptive blue water use through transitions from double-cropping to single-cropping systems, although these water savings are accompanied by substantial productivity costs, whereas long-term high-intensity agriculture imposes sustained structural pressure on groundwater resources. Integrated quantification further reveals a substantial productivity–water trade-off in the core irrigated area, where consumptive blue water savings are accompanied by comparable productivity losses. These findings highlight the potential for reducing groundwater pressure through structural and institutional adjustments rather than continued increases in irrigation inputs, providing empirical support for groundwater governance and agricultural water management in groundwater-dependent regions. © 2026 The Authors.","Agricultural water use; Groundwater governance; Groundwater irrigation; Productivity–water trade-off; Solar-induced chlorophyll fluorescence (SIF)","China; North China Plain; Groundwater; Groundwater resources; Irrigation; Learning systems; Photosynthesis; Water conservation; Water management; Agricultural water use; Chlorophyll fluorescence; Groundwater governances; Groundwater irrigation; North China Plain; Productivity–water trade-off; Solar-induced chlorophyll fluorescence; Trade off; Water trades; Water-saving; agricultural production; alternative agriculture; chlorophyll; fluorescence; governance approach; groundwater; irrigation system; trade-off; water management; water use; Economic and social effects","Article","Final","All Open Access; Gold Open Access; Green Open Access","Scopus","2-s2.0-105038139643"
"Dong Y.; Gu L.","Dong, Yuling (59362567100); Gu, Lili (58440574700)","59362567100; 58440574700","Can Policy-Based Agricultural Insurance Promote Agricultural Carbon Emission Reduction? Causal Inference Based on Double Machine Learning","2025","Sustainability (Switzerland)","17","9","4086","","","10","10.3390/su17094086","https://www.scopus.com/pages/publications/105004843621?origin=resultslist","Policy-based agricultural insurance plays a pivotal role in promoting agricultural carbon emissions reduction and driving the development of agricultural modernization. This study, based on panel data from 31 Chinese provinces spanning 2003 to 2021, employs the double machine learning method to conduct theoretical and empirical analyses on the carbon emission reduction effects, implementation mechanisms, and regional heterogeneity in policy-oriented agricultural insurance. The empirical findings indicate that the enforcement of policy-based agricultural insurance exerts a considerable influence on curbing agricultural carbon emissions. This conclusion remains robust across a rigorous suite of robustness checks. Under the “scale–structure–technology” logical framework, the carbon emission reduction effects of policy-oriented agricultural insurance operate through three key mechanisms: the scaling-up of agricultural production, the grain-oriented transformation of planting structures, and the advancement of agricultural technologies. Heterogeneity tests reveal that policy-based agricultural insurance exerts significantly stronger carbon mitigation impacts in major grain-producing areas, the Yangtze River Economic Belt, and regions with stringent environmental regulations. © 2025 by the authors.","agricultural carbon emissions; double machine learning; policy evaluation; policy-based agricultural insurance","China; Yangtze River; agricultural economics; agricultural production; emission control; environmental policy; insurance system; machine learning","Article","Final","All Open Access; Gold Open Access","Scopus","2-s2.0-105004843621"
"Yang L.; Lv K.; Zhang J.; Zhong Y.","Yang, Le (60183636700); Lv, Kaidi (60240145600); Zhang, Jiahao (60240425700); Zhong, Yufeng (60240977300)","60183636700; 60240145600; 60240425700; 60240977300","Digital countryside construction and agricultural prosperity: a causal inference test based on double machine learning","2025","Applied Economics Letters","","","","","","1","10.1080/13504851.2025.2602810","https://www.scopus.com/pages/publications/105024890612?origin=resultslist","This study focuses on the key pathway of transforming digital elements into agricultural productivity–information, technology, and capital. It takes the digital countryside pilot policy as an external shock and uses a double machine learning model to examine how digital countryside construction affects agricultural development. The study finds that as digital countryside construction deepens, better development of e-commerce platforms, higher talent concentration, and broader coverage of digital inclusive finance significantly promote agricultural prosperity. Data from the China County Statistical Yearbook support these findings and reveal the underlying mechanisms. The conclusions of this study provide a reference for further advancing digital countryside construction, exploring new channels to achieve agricultural prosperity. © 2025 Informa UK Limited, trading as Taylor & Francis Group.","agricultural prosperity; digital agriculture; Digital countryside; double machine learning","","Article","Article in press","","Scopus","2-s2.0-105024890612"
"Xhoxhi O.; Skreli E.; Zhllima E.; Imami D.","Xhoxhi, Orjon (56367608400); Skreli, Engjell (55470904600); Zhllima, Edvin (36549986400); Imami, Drini (36548198500)","56367608400; 55470904600; 36549986400; 36548198500","Assessing Agricultural Support Policy Impact through Traditional versus Machine-Learning Techniques","2025","Economia Agro-Alimentare","27","3","","363","382","0","10.3280/ecag2025oa19419","https://www.scopus.com/pages/publications/105043331515?origin=resultslist","This paper analyses the impact of agricultural subsidies using traditional quasi-experimental research design that combines genetic matching procedure with regression analysis and causal forests, an adaptation of the random forest algorithm of Breiman (2001) for treatment effect estimation. The study is based on a structured orchard farm survey conducted in Albania, an EU candidate country. By employing both traditional and machine learning methods, the comparative methodological approach represents a notable contribution by enhancing the robustness of the findings, while highlighting the advantages of the random forest algorithm. The research results indicate that policy support significantly increased on-farm investments by approximately 4.7 million ALL (representing a 39% increase relative to the sample average investment for the analysed period), and direct apple revenues by about 2.48 million ALL (a 29% increase relative to the sample average revenue). Moreover, the policy had a substantial impact on altering the variety cultivation structure-beneficiary farmers replaced lower-quality apple varieties with higher-quality, market-demanded varieties, while non-beneficiaries showed no significant changes in their variety structure. As a result, the policy support enabled beneficiary farmers to better align their production structure with market demand, potentially boosting their future competitiveness. © 2025. All rights reserved.","Agricultural; Albania; Generalized; Impact assessment; Quasi-experimental; Random Forest; subsidies","","Article","Final","All Open Access; Gold Open Access; Green Open Access","Scopus","2-s2.0-105043331515"
"Wuepper D.; Finger R.","Wuepper, David (57063247900); Finger, Robert (56214874700)","57063247900; 56214874700","Regression discontinuity designs in agricultural and environmental economics","2023","European Review of Agricultural Economics","50","1","","1","28","45","10.1093/erae/jbac023","https://www.scopus.com/pages/publications/85160959053?origin=resultslist","Regression discontinuity designs (RDD) are increasingly being employed in agricultural and environmental economics to identify causal effects. Here, we showcase recent applications, identify best practices, discuss commonly invoked identifying assumptions and show how these can be tested. We discuss basic empirical issues and more advanced topics, including how to exploit the availability of panel data, models to explain heterogeneous treatment effects and extrapolation of local estimates. Moreover, we show how agricultural economists can leverage RDD in combination with remote sensing and environmental modelling. Finally, we highlight three areas of emerging opportunities and draw conclusions for research and policy.  © 2022 The Author(s). Published by Oxford University Press on behalf of the Foundation for the European Review of Agricultural Economics.","causal inference; difference-in-discontinuities; regression discontinuity design","agricultural economics; environmental economics; policy approach; regression analysis","Review","Final","All Open Access; Green Open Access; Hybrid Gold Open Access","Scopus","2-s2.0-85160959053"
"Okello J.J.; Just D.R.; Verschoor A.; Ojwang S.O.; Mutiso J.M.; Mulwa C.K.; Gong C.; Namanda S.; Rajendran S.; Ssali R.T.; Okim M.; Campos H.","Okello, Julius Juma (23019542500); Just, David Ryan (7003921661); Verschoor, Arjan (7003565718); Ojwang, Sylvester Okoth (57257781500); Mutiso, Janet Mwende (57202869706); Mulwa, Chalmers Kyalo (57193126329); Gong, Chenyan (60250596900); Namanda, Sam (6504385868); Rajendran, Srinivasulu (56653123800); Ssali, Reuben Tendo (51461942600); Okim, Moses (59945045500); Campos, Hugo (55209674100)","23019542500; 7003921661; 7003565718; 57257781500; 57202869706; 57193126329; 60250596900; 6504385868; 56653123800; 51461942600; 59945045500; 55209674100","Nudging the adoption of improved crop varieties: evidence from a large randomized controlled sweetpotato trial in Uganda","2026","Food Security","18","1","","241","262","0","10.1007/s12571-025-01617-6","https://www.scopus.com/pages/publications/105025593515?origin=resultslist","To achieve agricultural transformation in developing countries in the face of challenges such as climate change, the use of improved crop varieties needs a jumpstart. Using a randomized controlled trial in Uganda, we test how the nudge theory can be harnessed to deliver increased adoption of improved sweet potato varieties. We find a 7% treatment effect, though the effect is not robust to alternative specifications. We find compelling evidence for heterogeneous treatment effects, with robust treatment effects among those who experienced a stronger emotional connection to the nudges that we deployed. A key concept to help explain this is nostalgia: farmers prone to nostalgia responded more strongly to the traditional farming imagery used to nudge the adoption of improved varieties. © International Society for Plant Pathology and Springer Nature B.V. 2025.","Agricultural technology adoption; Improved varieties; Nostalgia; Nudges; Sweetpotato","Uganda; climate change; crop improvement; crop plant; cultivar; spatiotemporal analysis; technology adoption","Article","Final","","Scopus","2-s2.0-105025593515"
"Deines J.M.; Guan K.; Lopez B.; Zhou Q.; White C.S.; Wang S.; Lobell D.B.","Deines, Jillian M. (54782254200); Guan, Kaiyu (56382070400); Lopez, Bruno (57957958600); Zhou, Qu (56482519000); White, Cambria S. (57957733000); Wang, Sheng (57221277104); Lobell, David B. (6603095001)","54782254200; 56382070400; 57957958600; 56482519000; 57957733000; 57221277104; 6603095001","Recent cover crop adoption is associated with small maize and soybean yield losses in the United States","2023","Global Change Biology","29","3","","794","807","158","10.1111/gcb.16489","https://www.scopus.com/pages/publications/85141547407?origin=resultslist","Cover crops are gaining traction in many agricultural regions, partly driven by increased public subsidies and by private markets for ecosystem services. These payments are motivated by environmental benefits, including improved soil health, reduced erosion, and increased soil organic carbon. However, previous work based on experimental plots or crop modeling indicates cover crops may reduce crop yields. It remains unclear, though, how recent cover crop adoption has affected productivity in commercial agricultural systems. Here we perform the first large-scale, field-level analysis of observed yield impacts from cover cropping as implemented across the US Corn Belt. We use validated satellite data products at sub-field scales to analyze maize and soybean yield outcomes for over 90,000 fields in 2019–2020. Because we lack data on cover crop species or timing, we seek to quantify the yield impacts of cover cropping as currently practiced in aggregate. Using causal forests analysis, we estimate an average maize yield loss of 5.5% on fields where cover crops were used for 3 or more years, compared with fields that did not adopt cover cropping. Maize yield losses were larger on fields with better soil ratings, cooler mid-season temperatures, and lower spring rainfall. For soybeans, average yield losses were 3.5%, with larger impacts on fields with warmer June temperatures, lower spring and late-season rainfall, and, to a lesser extent, better soils. Estimated impacts are consistent with multiple mechanisms indicated by experimental and simulation-based studies, including the effects of cover crops on nitrogen dynamics, water consumption, and soil oxygen depletion. Our results suggest a need to improve cover crop management to reduce yield penalties, and a potential need to target subsidies based on likely yield impacts. Ultimately, avoiding substantial yield penalties is important for realizing widespread adoption and associated benefits for water quality, erosion, soil carbon, and greenhouse gas emissions. © 2022 The Authors. Global Change Biology published by John Wiley & Sons Ltd.","agronomy; causal forests; conservation agriculture; cover crop; crop yields; remote sensing","Agriculture; Carbon; Crops, Agricultural; Ecosystem; Soil; Soybeans; United States; Zea mays; United States; carbon; agricultural production; agronomy; conservation management; cover crop; crop yield; maize; remote sensing; soybean; agriculture; crop; ecosystem; maize; procedures; soil; soybean; United States","Article","Final","All Open Access; Green Open Access; Hybrid Gold Open Access","Scopus","2-s2.0-85141547407"
"McCullough E.B.; Quinn J.D.; Simons A.M.","McCullough, Ellen B. (54179608900); Quinn, Julianne D. (57193447184); Simons, Andrew M. (56031243200)","54179608900; 57193447184; 56031243200","Profitability of climate-smart soil fertility investment varies widely across sub-Saharan Africa","2022","Nature Food","3","4","","275","285","24","10.1038/s43016-022-00493-z","https://www.scopus.com/pages/publications/85128927229?origin=resultslist","Soil fertility investments in sub-Saharan Africa, where budgetary resources are scarce, must be well targeted. Using a causal forest algorithm and an experimental maize trial dataset matched with geocoded rainfall, temperature and soils data, we modelled site-specific, ex ante distributions of yield response and economic returns to fertilizer use. Yield response to fertilizer use was found to vary with growing season temperature and precipitation and soil conditions. Fertilizer use profitability—defined as clearing a 30% internal rate of return in at least 70% of the years—was robust to growing season climate and the fertilizer-to-maize price ratio in several locations but not in roughly a quarter of the analysed area. The resulting profitability-assessment tool can support decision makers when climate conditions at planting are unknown and sheds light on the profitability determinants of different regions, which is key for effective smallholder farm productivity-enhancing strategies. © 2022, The Author(s), under exclusive licence to Springer Nature Limited.","","fertilizer; rain; fertilizer; Africa south of the Sahara; agricultural procedures; agronomics; algorithm; Article; climate smart agriculture; controlled study; crop production; decision making; economic aspect; economic parameters; environmental temperature; fertilizer profitability; fertilizer to maize price ratio; forest algorithm; geographic distribution; plant growth; precipitation; seasonal variation; simulation; soil analysis; soil fertility; soil quality; Africa south of the Sahara; article; climate; female; forest; growing season; investment; maize; rain; soil fertility; temperature","Article","Final","","Scopus","2-s2.0-85128927229"
"Chen Z.; Dai S.; Gong B.","Chen, Zimeng (60301314800); Dai, Shouhan (59736289600); Gong, Binlei (57195696262)","60301314800; 59736289600; 57195696262","Learning-based analysis of the impact of environmental attention on food industry productivity","2024","International Food and Agribusiness Management Review","28","5","","881","902","0","10.22434/ifamr.1128","https://www.scopus.com/pages/publications/105026879042?origin=resultslist","This paper employs the machine learning method to identify the effect of the government’s environmental attention on Chinese food industry productivity. Using the China Industrial Enterprises Dataset and Government Work Report data from 2004 to 2013, we combine sentiment analysis, causal forests and deep neural networks to evaluate the effect of environmental attention on firm-level Total Factor Productivity (TFP) in the Chinese food industry. Results show that the government’s environmental attention has a positive impact on food firms’ productivity, which arises from the direct effects of firms’ reactions to environmental attention, as well as the indirect effects resulting from agricultural advancement. This paper fully integrates machine learning and natural language processing methodologies, providing a new perspective for social science research. © 2024 Chen et al.","causal forest; food industry; machine learning; TFP","","Article","Final","All Open Access; Gold Open Access","Scopus","2-s2.0-105026879042"
"Yin X.; Wang C.; Wang W.","Yin, Xukang (59174160900); Wang, Chenguang (57219701921); Wang, Weixin (59173568400)","59174160900; 57219701921; 59173568400","Land property rights and Low-carbon utilization of farmland: Evidence from China","2026","Habitat International","174","","103876","","","0","10.1016/j.habitatint.2026.103876","https://www.scopus.com/pages/publications/105039674659?origin=resultslist","The promotion of green and low-carbon agricultural transformation and rural land property rights reform are two key agendas in rural reforms of developing countries in recent years. However, there has been limited research directly addressing the relationship between land property rights systems and low-carbon agricultural transformation, which restricts the sustainable development of agriculture in developing countries. To fill this research gap, this study focuses on China, the largest developing country in terms of agricultural scale, using China's latest round of land tenure reform (2013–2018) as a quasi-natural experiment. We apply a multi-period difference-in-differences model to examine the impact of changes in land property rights stability (LPRS) on low-carbon utilization of farmland (LCUF) between 2009 and 2018. Our findings demonstrate a positive correlation between increased LPRS and advancements in LCUF. These results remain robust across various sensitivity analyses, addressing potential endogeneity and exploring heterogeneous treatment effects. Furthermore, we uncover that LPRS promotes farmers' long-term investments (FLTI) in specific land plots by stabilizing income expectations, easing liquidity constraints, and reducing sunk costs, thereby facilitating LCUF. Moreover, the influence of LPRS on LCUF varies with levels of urban-rural income disparity, inclusive finance development, and marketization. This paper enriches the discourse on low-carbon agricultural development from the perspective of property rights reform and offers valuable policy implications for developing countries seeking to improve rural land property rights and reduce agricultural carbon emissions. © 2026 Elsevier Ltd.","Difference-in-differences analysis; Farmers' long-term investments; Land certification reform; Land property rights; Low-carbon utilization of farmland","China; agricultural development; agricultural land; agricultural reform; certification; developing world; landownership; property rights; sustainable development","Article","Final","","Scopus","2-s2.0-105039674659"
"Wu D.; Cai S.; Wang X.","Wu, Daqing (55337214500); Cai, Shousong (57213678358); Wang, Xueyuan (60686900800)","55337214500; 57213678358; 60686900800","Digital Economy and Agricultural Resilience: Evidence from China Using Double Machine Learning","2026","Emerging Markets Finance and Trade","62","13","","5149","5164","2","10.1080/1540496X.2026.2617480","https://www.scopus.com/pages/publications/105041542765?origin=resultslist","As the foundation for stable national economic development, examining how the digital economy (DE) transforms agricultural production relations holds significant importance for improving modern agricultural industrial systems and building resilient agricultural industrial chains (AIC). Based on data from 31 Chinese provinces (2012–2022), this study evaluates China’s AIC resilience through three aspects: resistance, recovery capacity and sustainability, and investigates the impact of the DE from the perspective of production relations transformation using a double machine learning (DML) model. The results show that: (1) Regarding direct effects, the DE significantly enhances the resilience of AIC in terms of resistance, recovery capacity and sustainability, a conclusion that persists across a range of robustness and endogeneity assessments. (2) Mechanism analysis identifies a dual pathway: Horizontally, the DE promotes integration between agriculture and secondary/tertiary industries, expanding the breadth of production relations. Vertically, it optimizes the four links of value creation and transmission in the AIC, which are production, circulation, consumption, and distribution, and transforms the stages of social reproduction, reflecting the deepening of production relations. (3) Heterogeneous effects are significantly stronger in regions that are major grain producers, implement the industrial integration pilot policy, have better-educated farmers, or feature more mature agricultural insurance systems. These results underscore that digital transformation reshapes agricultural production relations through structural reorganization, not merely productivity gains. The study provides targeted policy insights for leveraging digital technologies to strengthen agricultural resilience in a differentiated and institutionally informed manner. © 2026 The Author(s). Published with license by Taylor & Francis Group, LLC.","agriculture; Digital economy; industrial chain resilience; transformation of production relations","","Article","Final","All Open Access; Bronze Open Access","Scopus","2-s2.0-105041542765"
"Cao Y.; Tian Y.; Chen W.; Zhang Y.","Cao, Yangchun (57219697716); Tian, Yating (60161782300); Chen, Wenfeng (60161782200); Zhang, Yuqiang (58993151400)","57219697716; 60161782300; 60161782200; 58993151400","Impact of artificial intelligence pilot zones on high‑quality agricultural development: Causal inference based on double machine learning; [人工智能试验区对农业高质量发展的影响 - 基于双重机器学习的因果推断]","2026","Journal of Chinese Agricultural Mechanization","47","6","","282","292","0","10.13733/j.jcam.issn.2095-5553.2026.06.034","https://www.scopus.com/pages/publications/105046418700?origin=resultslist","Against the backdrop of rapid global digital transformation，the deep integration of artificial intelligence（AI）and agriculture has emerged as a key driver of agricultural modernization and rural revitalization. Whether AI pilot policies can effectively promote high⁃quality agricultural development has become a key issue for policymakers and researchers seeking to reshape the agricultural development paradigm. Using panel data from 30 provinces in China from 2011 to 2023，and taking the establishment of the“New Generation Artificial Intelligence Innovation Development Experimental Zone”as a quasi⁃natural experiment，this study empirically examined the impact and underlying mechanisms of AI pilot zones on high⁃quality agricultural development through a double machine learning model. The empirical results showed that：（1） AI experimental zones significantly promoted high⁃quality agricultural development，particularly in terms of agricultural innovation，open development，and shared development. （2） Mechanism analysis further revealed that AI experimental zones promoted high⁃quality agricultural development by accelerating agricultural technological progress，thereby improving the provision of agricultural socialized services， and fostering the development of new quality productivity. （3）Heterogeneity analysis showed that the positive effects of AI experimental zones were more pronounced in eastern and central China than in western regions. Similarly，the policy has a stronger impact in major grain⁃producing regions and grain production⁃consumption balanced regions than in major grain⁃consuming regions. Furthermore，coastal regions exhibited slightly greater policy benefits than inland areas， reflecting the advantages of stronger digital infrastructure， innovation capacity， and resource accessibility. These findings enrich the theoretical and empirical understanding of the relationship between artificial intelligence and high⁃quality agricultural development. The results suggest that policymakers should continue to strengthen AI-driven innovation in agriculture，promote the widespread adoption of digital technologies to narrow the rural digital divide， and leverage regional resource endowments and comparative advantages to maximize the role of AI in advancing sustainable and high⁃quality agricultural development. © 2026 Journal of Chinese Agricultural Mechanization Editorial Office. All rights reserved.","artificial intelligence pilot zones; digitalization; double machine learning; high⁃quality agricultural development","","Article","Final","","Scopus","2-s2.0-105046418700"
"Skreli E.; Xhoxhi O.; Zhllima E.; Imami D.","Skreli, Engjell (55470904600); Xhoxhi, Orjon (56367608400); Zhllima, Edvin (36549986400); Imami, Drini (36548198500)","55470904600; 56367608400; 36549986400; 36548198500","Do Agriculture Subsidies Make Farmers Better-off? A Case Study from an EU Candidate Country","2024","Studies in Agricultural Economics","126","","","140","146","5","10.7896/j.2885","https://www.scopus.com/pages/publications/85214030196?origin=resultslist","Studies on the impact assessment of subsidy schemes on farm performance indicators show contradictory results. Some studies indicate improvements in farm efficiency, while others highlight distortions and negative externalities. This paper analyses the impact of budgetary support provided to dairy farms in Albania based on a structured farm survey. The impact is assessed using causal forest, an adaptation of Breiman’s random forest algorithm for treatment effect estimation. Results suggest that subsidies positively impact the number of milking cows, output (quantity of milk sold), and revenues but have no impact on employment, yields, investment, or future investment plans. The study suggests that public support to dairy farmers should be conditioned on technology improvement measures and CAP-like cross-compliance obligations. © 2024, NAIK Research Institute of Agricultural Economics. All rights reserved.","agricultural subsidies; Albania; dairy sector; impact assessment; machine learning","","Article","Final","All Open Access; Gold Open Access","Scopus","2-s2.0-85214030196"
"Varacca A.; Coderoni S.; Esposti R.","Varacca, Alessandro (56468024400); Coderoni, Silvia (55804324200); Esposti, Roberto (6602726796)","56468024400; 55804324200; 6602726796","The Dual Impact of Organic Farming Support: Evaluating Greenhouse Gas Emissions Abatement and Private Payoffs","2026","Business Strategy and the Environment","","","","","","0","10.1002/bse.71010","https://www.scopus.com/pages/publications/105041261655?origin=resultslist","This study evaluates whether financial support for organic farming under the EU Common Agricultural Policy (CAP) effectively contributes to reducing greenhouse gas (GHG) emissions in agriculture. Using data from a panel of Italian farms between 2015 and 2022, we examine both the private benefits (farm income) and societal outcomes (GHG emission reductions) associated with the adoption of organic practices. To account for differences in farm-level responses, we develop an analytical framework of farmers' decision-making and apply causal machine learning techniques that allow for heterogeneous treatment effects. Our findings reveal that while many farmers benefit economically from adopting organic farming, the impact in terms of GHG abatement is often limited. These results raise concerns about the overall effectiveness and efficiency of current CAP support and suggest directions for improving policy design. © 2026 ERP Environment and John Wiley & Sons Ltd.","agricultural GHG; causal machine learning; farmers' decision-making; heterogeneous treatment effects; organic agriculture","","Article","Article in press","","Scopus","2-s2.0-105041261655"
"Couharde C.; Generoso R.","Couharde, Cécile (56248140800); Generoso, Rémi (56248079700)","56248140800; 56248079700","Clearing the Air: How Fine Particulate Matter Regulations Reshape Farmland Values in U.S. Corn and Soybean Regions","2026","Journal of Agricultural Economics","77","2","","322","355","0","10.1111/1477-9552.70018","https://www.scopus.com/pages/publications/105026006368?origin=resultslist","We investigate the impact of air quality regulations targeting fine particulate matter (PM2.5) on farmland values in corn and soybean producing counties in the United States over the period 1997–2022. Using self-reported farmland value data from the Agricultural Census and county-level pollution classifications provided by the Environmental Protection Agency, we employ a difference-in-differences event-study design—incorporating inverse probability weighting and doubly robust estimators—to estimate the causal effect of regulatory interventions. Our primary analysis contrasts ‘non-attainment’ counties, which failed to meet the National Ambient Air Quality Standards for PM2.5, with those that consistently maintained compliance. We further assess heterogeneous treatment effects by extending our analysis with a triple-difference specification comparing counties with high versus low fertiliser use. Additionally, we employ the recentered influence function to conduct an unconditional quantile analysis across the entire distribution of farmland values. Our estimates indicate an 8.80%–8.94% decline in farmland values in ‘non-attainment’ counties in response to the enforcement of PM2.5 standards, suggesting that the economic costs of the prescribed standards were capitalised into farmland values, particularly in regions with higher fertiliser use. However, this impact was not uniform, with more pronounced effects observed among counties at the lower end of the farmland value distribution. © 2025 The Author(s). Journal of Agricultural Economics published by John Wiley & Sons Ltd on behalf of Agricultural Economics Society.","air quality standards; difference-in-differences; farmland values; unconditional quantile regression","United States; agricultural land; air quality; census; maize; particulate matter; soybean","Article","Final","All Open Access; Hybrid Gold Open Access","Scopus","2-s2.0-105026006368"
"Wang L.; Lyu J.; Wang S.; Zhang J.","Wang, Lulu (59376989500); Lyu, Jie (57219256206); Wang, Shanshan (57463621500); Zhang, Junyan (58557671000)","59376989500; 57219256206; 57463621500; 58557671000","Unveiling the influence of agricultural mechanization on greenhouse gas emission intensity: Insights from China using causal machine learning model","2025","Agricultural Systems","226","","104307","","","16","10.1016/j.agsy.2025.104307","https://www.scopus.com/pages/publications/86000171500?origin=resultslist","Context: The ongoing agricultural mechanization in China contributes considerably to increased efficiency and productivity. However, its mitigation potential of greenhouse gas emissions intensity (GHGI) and underlying mechanisms are still unclear. Debate regarding the influence of agricultural mechanization on GHGI is gaining significance to guarantee that agricultural modernization corresponds with sustainable development goals. Objective: This study attempts to provide quantitative evidence of agricultural mechanization on reducing GHGI from a fresh perspective of factor allocation. Methods: The village-level dataset, involving 895 farmers across three northeastern provinces in China, was employed to confirm the theoretical analysis. The causal effect was estimated using a newly developed causal inference approach by incorporating double machine learning models. More explicitly, this research delved into the specific mechanism of factor allocation from three channels involving land transfer and operation scale, labor inputs, and agrochemical use intensity. Results and conclusions: Empirical results show that GHGI generally decreases as agricultural mechanization increases. Among various field operations, the harvesting operation exerts the most significant influence on GHGI. The disparity in impact between mechanized plowing and mechanized harvesting is relatively minor. Further, the results of robustness tests using instrumental variable methods and recursive models strongly confirm the existence of this causal relationship. Significance: Overall, these findings suggest advancing environmentally friendly mechanization and implementing targeted policies to reduce GHGI in agriculture along with enhanced factor provisions through optimizing allocation. © 2025","Agricultural mechanization; Double machine learning; Greenhouse gas emission intensity; Life cycle assessment","China; greenhouse gas; life cycle analysis; machine learning; policy implementation; spatiotemporal analysis; Sustainable Development Goal","Article","Final","","Scopus","2-s2.0-86000171500"
"Yin X.; Li J.; Wu J.; Cao R.; Xin S.; Liu J.","Yin, Xiaoyu (58844491400); Li, Jia (58202464400); Wu, Jingyi (58844024300); Cao, Ruihan (58844980900); Xin, Siqian (58844491500); Liu, Jianxu (55567473300)","58844491400; 58202464400; 58844024300; 58844980900; 58844491500; 55567473300","Impacts of Geographical Indications on Agricultural Growth and Farmers’ Income in Rural China","2024","Agriculture (Switzerland)","14","1","113","","","19","10.3390/agriculture14010113","https://www.scopus.com/pages/publications/85183156634?origin=resultslist","Geographical indications (GIs) mitigate information asymmetry in agri-food transactions by providing consumers with origin and quality information. This paper explores the impact of GIs on rural development in China by examining agricultural output and farmers’ income. Utilizing a large county-level dataset and comprehensive official GI information, this study estimates the impact of GIs on agricultural output and rural income using panel-fixed-effects models. The results reveal that GIs significantly boost agricultural added value and rural per capita disposable income. A series of methods, including difference-in-differences, propensity score matching with difference-in-differences, and double machine learning combined with difference-in-differences using random forests verify the robustness of the results. Moreover, by categorizing GIs based on product types, the analysis reveals heterogeneous effects of different GI categories on agricultural growth and income gains for farmers. The research findings in this paper offer valuable insights to inform policymaking aimed at advancing rural development, raising farmers’ incomes, and promoting sustainable agri-food supply chains. © 2024 by the authors.","agricultural growth; DID model; double machine learning; farmers’ income; geographical indications","","Article","Final","All Open Access; Gold Open Access; Green Open Access","Scopus","2-s2.0-85183156634"
"Adam B.; Abdulai A.","Adam, Baba (58563927200); Abdulai, Awudu (6603916682)","58563927200; 6603916682","Heterogeneity in the Impact of Conservation Agriculture Practices on Farm Performance and Inorganic Fertilizer Use in Ghana","2022","Journal of Agricultural and Resource Economics","47","2","","225","245","7","10.22004/ag.econ.310523","https://www.scopus.com/pages/publications/85169919788?origin=resultslist","We employ farm household data to investigate the heterogeneous treatment effects of conservation agriculture (CA) practices on farm performance and inorganic fertilizer use in Ghana. We use the marginal treatment effect (MTE) framework to account for treatment effect heterogeneity in both observed and unobserved characteristics and to analyze policy-relevant treatment effects (PRTE). Farmers with a high propensity to adopt CA reduce nitrogen usage from inorganic sources and experience significant increases in maize yields and farm net returns compared to those less likely to adopt. PRTEs reveal that increasing training sessions and providing incentives to reduce implementation costs are crucial for promoting conservation agriculture. © 2022 Colorado State University. All rights reserved.","conservation agriculture; impact assessment; marginal treatment effects","","Article","Final","","Scopus","2-s2.0-85169919788"
"Guo J.; Hou W.; Wang X.; Wu S.; Nong K.-S.; Jiang W.","Guo, Jiaju (60138154000); Hou, Wenjuan (56875115500); Wang, Xiaoyue (57189849444); Wu, Shaohong (56063950500); Nong, Kai-sen (58778999400); Jiang, Wenhui (60115865900)","60138154000; 56875115500; 57189849444; 56063950500; 58778999400; 60115865900","Effective governance reduces wildfire frequency in China under climate change","2026","Geography and Sustainability","7","5","100492","","","0","10.1016/j.geosus.2026.100492","https://www.scopus.com/pages/publications/105044340841?origin=resultslist","Wildfire risk is widely understood as a climate-driven phenomenon, yet how human interventions modulate wildfire dynamics remains poorly quantified. Here, we integrate 196,980 wildfire samples with key governance metrics (e.g., fire-prevention investment and forest ranger staffing) to simulate wildfire risk using machine learning, followed by causal inference to quantify human-driven impacts across spatial and temporal dimensions. Results show that from 2003 to 2023, national non-agricultural wildfire occurrences declined significantly by 72.23 %, while simulated susceptibility remained broadly stable (+0.012 % per year in the north; −0.13 % per year in the south). This divergence signifies a decoupling of wildfire frequency from underlying susceptibility, a trend driven by governance intensity. Causal forest analysis identifies a robust mitigation effect of fire-prevention investment (Average Treatment Effect, ATE = −3.8 %), an impact that is markedly pronounced in high-susceptibility regions. Spatially, using Propensity Score Matching to control for environmental covariates, wildfire density within 60 km of the national border is 5.8 times higher on the foreign side than on the domestic side, underscoring the important role of domestic governance in mitigating transboundary risks. Moreover, 9.79 % of wildfires are associated with traditional customs, particularly in southern provinces, reflecting the persistent influence of social practices. Our findings demonstrate that while climate change continues to shape environmental susceptibility, proactive governance is associated with a decoupling of actual fire activity from climatic forcing, offering valuable lessons for wildfire resilience in a warming climate. © 2026 The Authors. Published by Elsevier B.V. and Beijing Normal University Press (Group) Co., LTD. on behalf of Beijing Normal University. This is an open access article under the CC BY license. http://creativecommons.org/licenses/by/4.0/","Cross-border wildfire; Machine learning models; Potential drivers; Risk management; Seasonal variability; Wildfire risk","China; anthropogenic effect; climate change; climate forcing; fire management; machine learning; seasonal variation; warming; wildfire","Article","Final","All Open Access; Gold Open Access","Scopus","2-s2.0-105044340841"
"Zeng H.-S.; Cheng L.; Xu J.-H.","Zeng, Hua-Sheng (58955944600); Cheng, Long (59367229900); Xu, Jin-Hai (57296071800)","58955944600; 59367229900; 57296071800","How Does the Establishment of Free Trade Pilot Zones Promote Agricultural Low-Carbon Transition? ——— Evidence from 110 Cities in the Yangtze River Economic Belt; [自由贸易试验区设立如何促进农业低碳转型? ———来自长江经济带 110 个城市的经验证据]","2026","Resources and Environment in the Yangtze Basin","35","5","","1121","1135","0","10.11870/cjlyzyyhj202605002","https://www.scopus.com/pages/publications/105040771729?origin=resultslist","Institutional opening-up is an important measure for comprehensively deepening reform and promoting green development in the new era. It is also a crucial path to break through the dual constraints of resources and environment and achieve agricultural emission reduction. This study used municipal panel data of 110 cities in China’ s Yangtze River Economic Belt from 2007 to 2023. The methods such as the double machine learning model and spatial spillover effect model were adopted. The results showed that: (1) The establishment of FTZs significantly reduced agricultural carbon emissions. (2) In the eastern region with a higher degree of openness and moderate scale operations, the establishment of free trade zones had a stronger effect in suppressing agricultural carbon emissions. (3) Agricultural industrial upgrading and green financial development were important mechanisms through which FTZs reduced agricultural carbon emissions. (4) The carbon emission reduction effect of FTZs also presented a spatial spillover effect, thereby promoting agricultural carbon emission reduction in neighboring cities. (5) A good policy linkage effect had been formed between FTZs and low-carbon pilot policies, which jointly reduced agricultural carbon emissions in the policy implementation regions. It was suggested to optimize relevant agricultural measures in FTZs, promote agricultural industrial upgrading and green financial development, and facilitate the realization of agricultural low-carbon transition. © 2026 Editorial office of Resources and Environment in the Yangtze Basin. All rights reserved.","agricultural carbon emissions; agricultural industrial upgrading; development of green finance; double machine learning; free trade pilot zones","","Article","Final","","Scopus","2-s2.0-105040771729"
"Li T.; Lau W.; Yahya M.H.D.H.","Li, Ting (59412259300); Lau, WeiTheng (57219090813); Yahya, Mohamed Hisham Dato Haji (60033436900)","59412259300; 57219090813; 60033436900","Can green finance reduce agricultural carbon emissions? evidence from China’s green finance reform and innovation pilot zones","2026","Frontiers in Environmental Science","14","","1781119","","","2","10.3389/fenvs.2026.1781119","https://www.scopus.com/pages/publications/105042032696?origin=resultslist","Background – Agriculture contributes approximately 17% of China’s greenhouse gas emissions. In 2017, China established Green Finance Reform and Innovation Pilot Zones (GFRIPZ) to promote green development, yet its effectiveness in reducing agricultural carbon emissions remains unclear. Objectives – This study examines whether GFRIPZ reduces agricultural carbon emissions, identifies transmission mechanisms, and explores regional heterogeneity in policy effectiveness. Methods – Using GFRIPZ establishment as a quasi-natural experiment, we employ a Double/Debiased Machine Learning (DML) framework with provincial panel data from 30 Chinese provinces (2011–2024, N = 420). Three algorithms (Lasso-CV, Elastic Net-CV, Random Forest) ensure robustness. Parallel trend tests, placebo tests (500 iterations), and mediation analysis validate identification and mechanisms. Results – GFRIPZ reduces agricultural carbon emissions by approximately 41.2 × 104 tons annually (10.9% reduction, p < 0.01). Three transmission mechanisms are identified: input structure optimization (19.8%), green technology innovation (15.6%), and industrial structure adjustment (11.8%), collectively explaining 47.2% of total effect. Heterogeneity analysis reveals stronger effects in eastern regions (β = −54.0, p < 0.01) than central/western regions (β = −31.4, p < 0.10), and in economically developed provinces. Conclusion – GFRIPZ effectively reduces agricultural carbon emissions, with input structure optimization as the primary channel. Policy recommendations include expanding pilot coverage, prioritizing fertilizer reduction investments, and strengthening financial infrastructure in less developed regions. Copyright © 2026 Li, Lau and Yahya.","agricultural carbon emissions; double machine learning; green finance; policy evaluation; quasi-natural experiment","","Article","Final","All Open Access; Gold Open Access; Green Open Access","Scopus","2-s2.0-105042032696"
"Chen J.","Chen, Jianqiong (60836448900)","60836448900","A study on the impact of trade policy uncertainty on the resilience of agricultural enterprise value chains","2026","Frontiers in Sustainable Food Systems","10","","1857340","","","0","10.3389/fsufs.2026.1857340","https://www.scopus.com/pages/publications/105049608903?origin=resultslist","Introduction – Trade policy uncertainty poses significant challenges to enhancing the resilience of agricultural enterprise value chains. Understanding how such uncertainty affects value chain resilience is crucial for formulating effective policy responses in an increasingly volatile global trade environment. Methods – Using panel data from Chinese agricultural listed companies spanning 2007 to 2016, this study employs a double machine learning method for empirical analysis to systematically examine the impact of trade policy uncertainty on the resilience of agricultural enterprise value chains. Results – The research demonstrates that trade policy uncertainty significantly diminishes the resilience of these value chains. The negative effects are more pronounced in state-owned enterprises, firms with weak financing capabilities, low levels of digitalization, limited government subsidies, and high carbon intensity. Discussion and conclusion – Mechanism analysis reveals that trade policy uncertainty undermines the resilience of global value chains by suppressing enterprise innovation and exacerbating information asymmetry. These findings provide valuable insights for scientifically enhancing the resilience of Chinese agricultural enterprises within global value chains and offer a theoretical foundation and practical guidance for policy formulation amid the current complex and ever-changing trade environment. Copyright © 2026 Chen.","double machine learning method; global value chain resilience; information asymmetry; level of innovation; trade policy uncertainty","","Article","Final","All Open Access; Gold Open Access","Scopus","2-s2.0-105049608903"
"Mwenjeri G.; Muiruri K.J.; Abuyeka F.M.","Mwenjeri, Gabriel (60336360800); Muiruri, Kariuki Josphat (60336498200); Abuyeka, Florence Miima (60335778200)","60336360800; 60336498200; 60335778200","Beyond eating cessation: Monte Carlo analysis of food inflation impacts in Nairobi's informal settlements","2026","Journal of the Saudi Society of Agricultural Sciences","25","1","12","","","0","10.1007/s44447-025-00120-w","https://www.scopus.com/pages/publications/105027682494?origin=resultslist","This study examines the resilience of Nairobi’s low-income households to food price and income shocks using high-resolution expenditure data from 302 households across nine informal settlements. It quantifies how households modify food consumption, simulates welfare impacts under correlated shocks, and identifies vulnerability hotspots. To overcome the limitations of conventional models, the research integrates the Quadratic Almost Ideal Demand System (QUAIDS) to capture non-linear consumption adjustments, Monte Carlo simulations to assess systemic risks, and Causal Forests to detect heterogeneous vulnerabilities. Results show that a 10 percent rise in food prices increases food insecurity by 12.3 percentage points and reduces real purchasing power by 11 percent, forcing households to substitute away from proteins (− 23 percent in meat/fish) toward cereals (+ 18 percent). A 5 percent decline in income similarly raises food insecurity by 9.1 percentage points, with 63 percent of households cutting essential non-food spending—mainly education (− 23 percent) and health (− 21 percent). Vulnerability is most severe among casual laborers (2.5 × greater welfare loss), female-headed households (fivefold poverty risk), and those without formal schooling (inelastic food demand). The findings highlight the limitations of universal subsidies and provide empirical evidence to inform targeted social protection—particularly dynamic cash transfers and staple subsidies—as viable strategies for enhancing food security in Africa’s rapidly urbanizing informal economies. © The Author(s) 2026.","Food price shocks; Income shocks; Monte Carlo simulations; QUAIDS model","","Article","Final","All Open Access; Gold Open Access; Green Open Access","Scopus","2-s2.0-105027682494"
"Chen Q.; Liang B.","Chen, Qiao (57340387900); Liang, Bin (60233042300)","57340387900; 60233042300","Can the pilot of national park system promote industrial agglomeration? double machine learning analysis taking Wuyishan tea industry as an example","2025","Frontiers in Sustainable Food Systems","9","","1685204","","","2","10.3389/fsufs.2025.1685204","https://www.scopus.com/pages/publications/105024431336?origin=resultslist","The national park system pilot program is a significant initiative in China's ecological civilization institutional reform, and its impact on regional industrial development warrants further exploration. This study utilizes county-level data on tea industry enterprise registration from 2000 to 2022 and innovatively employs Double Machine Learning (DML) model to assess the impact of the national park system pilot program on tea industry aggregation within Wuyishan National Park, examining both horizontal and vertical aggregation dimensions. The research findings indicate the following: (1) The national park system pilot program has significantly promoted horizontal clustering and vertical integration of the tea industry in Wuyishan National Park. After removing outliers, resetting the sample division ratio, and changing the machine learning algorithm, the model results remain robust and reliable. (2) The national park system pilot program can promote tea industry clustering by strengthening fiscal support, technological innovation, and ecological protection. (3) The pilot program has a stronger impact on tea industry clustering in counties with higher economic levels and higher informatization levels. (4) The spatial distribution of horizontal and vertical agglomeration in the tea industry exhibits significant spatial autocorrelation. This study contributes to research on the economic effects of the national park system pilot program and provides theoretical support and practical insights for the green clustering development of agricultural industries. Copyright © 2025 Chen and Liang.","double machine learning; horizontal industrial agglomeration; industrial agglomeration; national park system pilot program; pilot of national park system; tea industry; vertical industrial agglomeration; Wuyishan","","Article","Final","All Open Access; Gold Open Access; Green Open Access","Scopus","2-s2.0-105024431336"
"Carter M.R.; Tjernström E.; Toledo P.","Carter, Michael R. (7401513388); Tjernström, Emilia (23568919500); Toledo, Patricia (57203170688)","7401513388; 23568919500; 57203170688","Heterogeneous impact dynamics of a rural business development program in Nicaragua","2019","Journal of Development Economics","138","","","77","98","32","10.1016/j.jdeveco.2018.11.006","https://www.scopus.com/pages/publications/85059466300?origin=resultslist","We study the impacts of a rural development program designed to boost the income of the small-farm sector in Nicaragua. Exploiting the random assignment of treatment, we find statistically and economically significant impacts on gross farm income and investment in productive farm capital. Using continuous treatment estimation techniques, we examine the evolution of program impacts over time and find that the estimated income increase persists and that the impacts on productive capital stock continue to rise even after the program concluded. Additionally, panel quantile methods reveal striking heterogeneity of program impacts on both income and investment. We show that this heterogeneity is not random and that there appear to exist low-performing household types who benefit little from the program, whereas high-performing (upper quantile) households benefit more substantially. Analysis using generalized random forests, a machine learning algorithm, points toward greater program impacts for households who were disadvantaged at baseline. Even after controlling for this source of heterogeneity, we find large and persistent differences in how much different types of households benefited from the program. While the benefit-cost ratio of the program is on average positive, the impact heterogeneity suggests that business development programs aiming to engage farm households as agricultural entrepreneurs have limitations as instruments to eliminate rural poverty. © 2018 Elsevier B.V.","Agricultural productivity; Heterogeneous treatment effects; Impact evaluation","Nicaragua; agricultural production; business development; cost-benefit analysis; development project; income; investment; machine learning; rural economy","Article","Final","","Scopus","2-s2.0-85059466300"
"Bunte J.B.; Desai H.; Gbala K.; Parks B.; Runfola D.M.","Bunte, Jonas B. (57041034300); Desai, Harsh (57201253412); Gbala, Kanio (57201257636); Parks, Bradley (12345100200); Runfola, Daniel Miller (36728221200)","57041034300; 57201253412; 57201257636; 12345100200; 36728221200","Natural resource sector FDI, government policy, and economic growth: Quasi-experimental evidence from Liberia","2018","World Development","107","","","151","162","53","10.1016/j.worlddev.2018.02.034","https://www.scopus.com/pages/publications/85044072738?origin=resultslist","Governments use a variety of policies to increase the impact of foreign investment on economic growth. An increasingly popular policy is to require that foreign companies provide public goods near the communities where their commercial investments are sited. This approach seeks to crowd in additional investments, create clusters of interconnected firms, and set in motion economic agglomeration processes. Post-2006 Liberia represents an ideal empirical setting to test the effectiveness of this approach. We construct a new dataset that measures the precise locations of 557 natural resource concessions granted to investors. We then merge these data with a remotely sensed measure of nighttime light growth at the 1 km × 1 km grid cell level and analyze it using a matched difference-in-differences strategy. We find heterogeneous treatment effects across sectors and investor types: mining (specifically iron-ore) investments projects have positive growth effects, while agriculture and forestry investment projects do not; furthermore, concessions granted to Chinese investors have positive growth effects while those given to U.S. investors do not. These patterns of heterogeneous treatment effects across sectors and investor types are consistent with the theory of change underpinning the government's development corridor strategy. © 2018 Elsevier Ltd","Economic growth; FDI; Geo-referenced data; Liberia; Public goods","Liberia [West Africa]; agglomeration; economic growth; foreign direct investment; natural resource; policy approach; public goods; state role","Article","Final","","Scopus","2-s2.0-85044072738"
"Zuo X.; Li H.; Cheng Y.; Wang C.; Cao A.","Zuo, Xingyi (60334658600); Li, Houjian (57196035227); Cheng, Ya (60900843800); Wang, Cheng (60334228400); Cao, Andi (57225149114)","60334658600; 57196035227; 60900843800; 60334228400; 57225149114","Linking smallholders to markets: Understanding how agricultural production outsourcing is linked to crop commercialization in China","2026","Food Policy","144","","103186","","","0","10.1016/j.foodpol.2026.103186","https://www.scopus.com/pages/publications/105050707696?origin=resultslist","Agricultural commercialization represents a critical pathway for smallholders to integrate into modern markets. Yet fragmented landholdings, an aging rural workforce, and high transaction costs continue to constrain smallholders’ market participation. Drawing on data from the China Land Economic Survey (CLES) from 2020 to 2022, this study examines the association between agricultural production outsourcing and smallholder commercialization, measured by the crop commercialization index. The analysis employs an instrumental variable strategy that exploits peer-driven variation in village-level outsourcing adoption, complemented by robustness checks under alternative identifying assumptions. The results show that outsourcing adoption is positively associated with the degree of smallholder commercialization. Mechanism analysis suggests three potential pathways associated with this relationship: higher mechanization intensity, larger operational scale, and greater crop diversification. Heterogeneity analyses indicate stronger associations for harvesting and labor-saving services and among younger farmers, whereas land fragmentation attenuates the relationship. These findings extend research on agricultural outsourcing from production-side outcomes to market integration and highlight the potential role of agricultural service systems in smallholder commercialization. © 2026 Elsevier Ltd","Agricultural production outsourcing; Degree of commercialization; Double machine learning; Smallholders","","Article","Final","","Scopus","2-s2.0-105050707696"
"Cambron T.W.; Deines J.M.; Lopez B.; Patel R.; Liang S.-Z.; Lobell D.B.","Cambron, Trevor W (58740600200); Deines, Jillian M (54782254200); Lopez, Bruno (57957958600); Patel, Rinkal (57221011517); Liang, Sang-Zi (57219570795); Lobell, David B (6603095001)","58740600200; 54782254200; 57957958600; 57221011517; 57219570795; 6603095001","Further adoption of conservation tillage can increase maize yields in the western US Corn Belt","2024","Environmental Research Letters","19","5","054040","","","17","10.1088/1748-9326/ad3f32","https://www.scopus.com/pages/publications/85191468175?origin=resultslist","Conservation tillage can reduce soil erosion, increase soil health, and decrease labor and fuel input costs. Despite these benefits, potential yield impacts remain an important concern for farmers considering adoption. Previous research suggests that conservation tillage is likely to have the largest yield benefits in more arid conditions, but a lack of field-level analyses across climatic, management and soil conditions limits confidence in such predictions. Satellite imagery provides the opportunity to monitor agricultural lands at sub-field resolution across large spatial scales and wide environmental gradients. Here we investigate the maize yield impacts of conservation tillage in the semi-arid western US Corn Belt, using sub-field resolution datasets on tillage practices and crop yields derived from satellite data spanning four states (Nebraska, Kansas, South Dakota, and North Dakota) between 2008 and 2020. On these datasets, we estimate heterogenous yield outcomes for several thousand maize fields across gradients in climate, soil quality and irrigation status by using a causal forests analysis, an adaptation of the random forests machine-learning algorithm for causal inference on observational data. We find that long-term adoption of conservation tillage increased rainfed maize yields by an average of 9.9% in the region. Impacts on irrigated yields were small and not statistically significant. These results, along with an analysis of variables related to greater than average yield benefits, indicate that improved water infiltration and retention are the primary reasons for conservation tillage benefits. Despite yield benefits, many fields estimated to see increased yields under long term low till have not adopted the practice. Therefore, we identify specific counties likely to benefit most from increased levels of adoption. Our results strengthen the understanding of the impacts of conservation agriculture on crop yields and help define environments and counties most likely to benefit from conservation tillage. © 2024 The Author(s). Published by IOP Publishing Ltd","causal forests; conservation agriculture; maize yield; reduced tillage; remote sensing; US Corn Belt","Corn Belt; Kansas; Nebraska; North Dakota; South Dakota; United States; Crops; Forestry; Inference engines; Learning algorithms; Machine learning; Quality control; Satellite imagery; Soils; Causal forest; Conservation agricultures; Conservation tillage; Crop yield; Field resolution; Maize yield; Reduced tillage; Remote-sensing; Sub fields; US corn belt; adaptive management; algorithm; conservation tillage; crop yield; environmental gradient; machine learning; maize; remote sensing; satellite data; satellite imagery; soil quality; Remote sensing","Article","Final","All Open Access; Gold Open Access; Green Open Access","Scopus","2-s2.0-85191468175"
"Zhang K.; Xiao W.; Ning S.; Wu J.; Zhou Y.; Xu X.; Chen L.; Cui Y.; Jin J.","Zhang, Kaixuan (58043459400); Xiao, Weifo (59524970000); Ning, Shaowei (36562256300); Wu, Jialu (60799157100); Zhou, Yuliang (35147406500); Xu, Xiaoyan (57210361610); Chen, Le (59116914900); Cui, Yi (56697717500); Jin, Juliang (55821195600)","58043459400; 59524970000; 36562256300; 60799157100; 35147406500; 57210361610; 59116914900; 56697717500; 55821195600","Stage-specific causal effects of flash drought on summer maize phenology and its spatiotemporally heterogeneous responses in the Huang-Huai-Hai Plain, China","2026","European Journal of Agronomy","181","","128304","","","0","10.1016/j.eja.2026.128304","https://www.scopus.com/pages/publications/105047902516?origin=resultslist","Flash drought (FD) has become a major risk to summer maize production and agricultural water management in the Huang–Huai–Hai (HHH) Plain. However, previous studies have mainly focused on end-of-season yield losses or changes in event frequency, with limited causal evidence on how FDs disrupt crop growth processes within the growing season, particularly across phenological stages. In this study, we examined the length of growing season (LOS), vegetative growth stage (VGS), and reproductive growth stage (RGS) to identify the average treatment effects of FD occurrence, the average marginal effects of increasing FD intensity, and their spatiotemporally heterogeneous responses. Using multi-source data from 2001 to 2020, we combined Double Machine Learning and causal forests to estimate occurrence and intensity effects, and used Gross Primary Productivity (GPP)-based time-frequency analysis for process-level corroboration. FD occurrence showed significant average treatment effects on all three phenological indicators. Under the continuous treatment pathway, significant average marginal effects were detected for VGS and RGS, whereas the effect on LOS was not significant. Irrigation water use, temperature, and precipitation were identified as key regulators of effect heterogeneity. Moreover, FD impacts were not temporally stationary, but were continuously restructured during 2001–2020. Time-frequency coupling analysis of GPP further indicated that FD risk reflects the combined effects of crop growth dynamics, hydrothermal conditions, and irrigation management. These findings shift the assessment of FD impacts from end-of-season losses to in-season growth-process perturbations, and provide quantitative support for sub-seasonal agricultural drought early warning and stage-specific irrigation scheduling. © 2026 Elsevier B.V. All rights are reserved, including those for text and data mining, AI training, and similar technologies.","Causal forests; Flash drought; Huang–Huai–Hai Plain; Phenological responses; Summer maize","China; North China Plain; drought; growing season; irrigation system; maize; phenology; spatiotemporal analysis; summer; water management","Article","Final","","Scopus","2-s2.0-105047902516"
"Dong J.; Lin Z.; Peng S.; Zhu J.; Cai F.; Xiang W.","Dong, Juexian (60105369000); Lin, Zhiqiang (57214991939); Peng, Shuangyun (36748934100); Zhu, Jiaying (58687176900); Cai, Fucheng (60105594100); Xiang, Wenguang (59549985500)","60105369000; 57214991939; 36748934100; 58687176900; 60105594100; 59549985500","From correlation to causation: Causal mechanisms, scale dependency, and structure–function mismatch in landscape-water quality responses in plateau lake basins","2025","Ecological Indicators","179","","114240","","","8","10.1016/j.ecolind.2025.114240","https://www.scopus.com/pages/publications/105016460232?origin=resultslist","Deciphering the causal effects of landscape patterns on water quality is critical for watershed management, yet most studies are confined to correlation analyses that fail to provide reliable causal evidence, particularly in sensitive plateau lake basins under compounded anthropogenic pressures. Taking the globally representative Fuxian Lake basin as a case study, this study developed an integrated analytical framework of production-living-ecological spaces, landscape structure, and water quality response (PLES-LS-WQ). Machine learning (XGBoost-SHAP) and causal inference model (Causal Forest) were combined with land-use scenario simulation (PLUS model) to quantify the true causal effects of key landscape pattern factors on water quality (TN, TP, COD) across multiple scales and scenarios. The results challenged several conventional assumptions: (1) Significant context dependency was revealed. The causal effects of landscape patterns were not fixed but determined by the dominant pollution source (mining, urban, or agricultural). For instance, the aggregation of production space improves water quality in mining-dominated areas but degrades it in agricultural zones. (2) The study provided the first causal evidence for a structure–function mismatch. Contrary to the traditional belief that ecological connectivity is beneficial, clustered ecological spaces under high pollution loads (mining and urban) exerted significant negative causal effects on water quality, indicating that their physical structure failed to translate into ecological purification functions and even facilitated pollutant transport. (3) Scale analysis and scenario simulation further indicated that ignoring context dependency and functional mismatch may lead to management failure or even adverse outcomes. By providing robust causal evidence, the study argued for a paradigm shift in watershed management from the pursuit of universal structural optimization towards a context-specific, function-oriented approach. © 2025 The Authors","Causal effects; Landscape patterns; Scale dependency; Structure–function mismatch; Water quality responses","China; Fuxian; Fuxian Lake; Shaanxi; Yunnan; Agricultural machinery; Agricultural pollution; Lakes; Land use; Quality control; Soil conservation; Structural optimization; Water conservation; Watersheds; Causal effect; Lake basins; Landscape pattern; Landscape waters; Scale-dependency; Scenario simulations; Structure functions; Structure–function mismatch; Water quality response; Watersheds management; basin analysis; computer simulation; correlation; human activity; lake water; land use change; landscape structure; machine learning; pollutant source; water quality; watershed; Water quality","Article","Final","All Open Access; Gold Open Access","Scopus","2-s2.0-105016460232"
"Pan D.; Luo L.; Ji K.; Kong F.","Pan, Dan (55780440500); Luo, Luyi (58166456700); Ji, Kaiwen (58309700500); Kong, Fanbin (56108100900)","55780440500; 58166456700; 58309700500; 56108100900","Impact of Rural E-Commerce Development on Intra-Regional Income Gap and Shared Prosperity in Forested Areas; [农村电子商务发展对林区内部收入差距与共同富裕的影响]","2024","Linye Kexue/Scientia Silvae Sinicae","60","5","","35","50","1","10.11707/j.1001-7488.LYKX20230525","https://www.scopus.com/pages/publications/85196304642?origin=resultslist","【Objective】In the process of realizing a Chinese-style modernization with shared prosperity for all citizens, this study examines the impact and mechanisms of rural e-commerce development on income gap and shared prosperity in forested areas. It aims to provide valuable insights for reducing income gap within rural communities, achieving an organic unity of efficiency and equity, and promoting shared prosperity. 【Method】The study treats the“comprehensive demonstration policy of e-commerce into rural areas”as a quasi-natural experiment for the development of rural e-commerce and utilizes five waves of panel data from the China family panel studies (CFPS) spanning from 2012 to 2020. It employs a supervised double machine learning method to analyze the impact and mechanisms of rural e-commerce development on both the macro-level village-level intra-regional income gap among all forest farmer households within each forested village and the micro-level intra-regional income gap among individual forest farmer households within each village, which can help to answer the question of how rural e-commerce development contributes to shared prosperity.【Result】1) Rural e-commerce development significantly reduces the gini coefficient of annual income for all forest farmer households within each forested villages and the relative deprivation index among individual forest farmer households within each forested village, implying that rural e-commerce can effectively lower income gap within forested areas. These results remain robust after a series of sensitivity tests. 2) The reduction of income gap within forested areas due to rural e-commerce development is primarily achieved by substantially increasing the income of low-income forest farmer households that below the 40th percentile and below the mean income, thereby promoting shared prosperity. 3) The promotion of non-agricultural employment among forest farmer households, the enhancement of entrepreneurial activities among forest farmer households, and the increase in the value of agricultural products are the primary pathways through which rural e-commerce development reduces income gap within forested areas. 4) Rural e-commerce development has a greater income-increasing effect on forest farmer households with low skill levels, low social capital, and below the poverty line, indicating its inclusive characteristic. 【Conclusion】Through an empirical study with a large micro-database, the balancing effect between equity and efficiency demonstrated by rural e-commerce as an important manifestation of the digital economy in rural forest areas is verified. Under the wave of digital economy development, this study not only provides new empirical evidence of rural e-commerce in narrowing the internal income gap in forest areas, but also provides important policy insights for promoting common prosperity. © 2024 Chinese Society of Forestry. All rights reserved.","double machine learning; income gap; rural e-commerce development; shared prosperity","Agricultural products; Balancing; Efficiency; Electronic commerce; Forestry; Rural areas; Double machine learning; E- commerces; E-commerce development; Forested area; Forested village; Income gap; Low incomes; Machine-learning; Rural e-commerce development; Shared prosperity; Machine learning","Article","Final","","Scopus","2-s2.0-85196304642"
"Lu Y.; Yang C.; Tang Y.; Chen Y.","Lu, Yuchen (59524383400); Yang, Chenlu (59524383600); Tang, Yifan (60072137100); Chen, Yakun (59305662600)","59524383400; 59524383600; 60072137100; 59305662600","Reconfiguring Urban–Rural Systems Through Agricultural Service Reform: A Socio-Technical Perspective from China","2025","Systems","13","8","634","","","3","10.3390/systems13080634","https://www.scopus.com/pages/publications/105014314676?origin=resultslist","The transition toward integrated urban–rural development represents a complex socio-technical challenge in post-poverty alleviation China. This study examines how the reform of agricultural service systems—especially the rollout of full-process socialization services—reshapes urban–rural integration by embedding new institutional, technological, and organizational structures into rural production. Drawing on staggered provincial pilot programs, we apply a double machine learning framework to assess the causal impact of service reform on the urban–rural income gap, labor reallocation, and agricultural productivity. Results show that agricultural socialization services enhance systemic efficiency by reducing labor bottlenecks, increasing technology diffusion, and fostering large-scale coordination in agricultural operations. These effects are most pronounced in provinces with stronger institutional capacity and higher levels of mechanization. The findings highlight agricultural service reform as a systemic intervention that alters resource allocation logics, drives institutional change, and fosters structural convergence across urban and rural domains. This research contributes to the understanding of agricultural modernization as a systems-engineered solution for regional inequality. © 2025 by the authors.","agricultural services; causal inference; dual machine learning; socio-technical systems; system reform; urban–rural integration","Agricultural machinery; Agriculture; Learning systems; Machine learning; Rural areas; Agricultural service; Causal inferences; Dual machine learning; Machine-learning; Rural development; Socio-technical perspective; Sociotechnical systems; System reform; Urban-rural; Urban-rural integrations; Regional planning","Article","Final","All Open Access; Gold Open Access; Green Open Access","Scopus","2-s2.0-105014314676"
"Deng L.; Wan P.; Ye F.; Li F.","Deng, Lei (57188846318); Wan, Pengcheng (60170046100); Ye, Fangyu (60169844600); Li, Feng (60918007000)","57188846318; 60170046100; 60169844600; 60918007000","Uncovering the heterogeneous effects of China's Organic-Substitute-Chemical-Fertilizer policy: The role of local conditions in shaping distinct policy responses","2026","Journal of Cleaner Production","578","","149539","","","0","10.1016/j.jclepro.2026.149539","https://www.scopus.com/pages/publications/105051322447?origin=resultslist","China's Organic-Substitute-Chemical-Fertilizer (OSCF) policy aims to reduce chemical fertilizer dependence, yet its county-level effectiveness may vary with local production, capacity, and implementation conditions. Using panel data for 2726 counties from 2012 to 2022, we estimate the average and heterogeneous effects of OSCF on chemical fertilizer application intensity with double machine learning and SHAP-based interpretation. The policy is associated with a statistically significant average reduction in standardized chemical fertilizer application intensity, with an average treatment effect of −0.0469 that remains stable across robustness checks. Cross-county heterogeneity is expressed mainly in response magnitude. The estimated reduction is 0.0291 larger in high- than low-target-relevance counties and 0.0338 larger in non-grain-oriented than grain-dominant counties. Gross Output Value of Agriculture and Gross Regional Product rank highest in feature importance, followed by broadband access, non-food cropping, and village committees. Among representative fitted county profiles, the high Gross Output Value of Agriculture profile has a fitted response 0.0256 closer to zero than the low profile, whereas the high Gross Regional Product profile is 0.0335 more negative than the low profile. Contributions of key conditions vary across observed levels. Descriptive joint profiles also show configuration-specific differences, with high target relevance combined with high broadband access having a fitted response about 0.041 more negative than the low-low profile. These results motivate differentiated county screening that begins with policy-scope relevance and then assesses production feasibility, farmer/local adaptive capacity, and policy transmission and implementation capacity to identify where local assessment and policy-addressable support should focus. © 2026 Elsevier Ltd.","Agricultural environmental policy; Chemical fertilizer reduction; Local conditions; Nonlinear effects; Organic fertilizer substitution; Policy heterogeneity","Agricultural machinery; Fertilizers; Grain (agricultural product); Reduction; % reductions; Agricultural environmental policy; Chemical fertilizer reduction; Chemical fertilizers; Environmental policy; Local conditions; Nonlinear effect; Organic fertilizer substitution; Organic fertilizers; Policy heterogeneity; Environmental protection","Article","Final","All Open Access; Hybrid Gold Open Access","Scopus","2-s2.0-105051322447"
"Zuo X.; Li H.; Li Q.; Wang C.","Zuo, Xingyi (60334658600); Li, Houjian (57196035227); Li, Qiyu (60807924700); Wang, Cheng (60334228400)","60334658600; 57196035227; 60807924700; 60334228400","As You Sow, So Shall You Reap: Agricultural Outsourcing and Land Productivity in China","2026","Land","15","8","1515","","","0","10.3390/land15081515","https://www.scopus.com/pages/publications/105048416154?origin=resultslist","Agricultural socialized service has expanded rapidly within China’s smallholder farming system, yet evidence on their relationship with land productivity remains limited. Using three waves of data from the China Land Economic Survey between 2020 and 2022, this study examines the association between agricultural production outsourcing and land productivity. The results show that outsourcing participation is associated with 4% to 5% higher land productivity, with the positive association remaining broadly robust across alternative estimators and identification strategies. Heterogeneity analysis indicates that this association is stronger on land with better soil fertility, among older-generation farmers, and among small-scale farmers. Further analysis suggests that outsourcing participation is associated with higher fertilizer application intensity, greater mechanization, and lower household agricultural labor input, providing evidence on potential channels linking outsourcing to land productivity. These findings highlight the potential role of specialized agricultural services in relaxing production constraints faced by smallholders, while also suggesting that their productivity implications depend on household and land characteristics. © 2026 by the authors.","agricultural outsourcing; double machine learning; land productivity; smallholders; treatment effects","China; agricultural economics; agricultural labor; agricultural land; agricultural production; farming system; land management; machine learning; outsourcing; service provision; smallholder; soil fertility","Article","Final","All Open Access; Gold Open Access","Scopus","2-s2.0-105048416154"
"Coromaldi M.; D’Amato A.; Mirra L.","Coromaldi, Manuela (15019108700); D’Amato, Alessio (37101422900); Mirra, Loredana (36242026600)","15019108700; 37101422900; 36242026600","The hidden social costs of climate change: Evidence on weather shocks, children’s mobility and rural economic welfare in Uganda","2026","Ecological Economics","241","","108859","","","0","10.1016/j.ecolecon.2025.108859","https://www.scopus.com/pages/publications/105024818562?origin=resultslist","Children’s mobility is a relevant phenomenon worldwide. It is even more relevant in developing countries, where the income conditions of rural households exacerbate it. Meanwhile, difficulties in feeding and raising children in rural areas are worsened by climate-related shocks, which severely affect agricultural production. The aim of this paper is to move a further step in the investigation of the role played by weather shocks in driving rural households’ critical decisions, with specific attention to children’s mobility. In turn, we aim to identify the impact of such decisions on rural households’ economic welfare in terms of expenditure and income. To this end, we apply a panel two-stage least squares model, and then we adopt the approach by Callaway and Sant’Anna (2021) to evaluate the dynamic effects of children’s mobility decisions on rural households’ economic outcomes. Our findings highlight the asymmetric effects of climate shocks: wet events are associated with increased child mobility, while droughts reduce the likelihood that children are sent away. Furthermore, we estimate causal links between child mobility and economic outcomes. Although child relocation is associated with modest increases in per capita food expenditure, total income, and agricultural income, dynamic analysis reveals a more complex picture. Positive effects on expenditure are only manifest two years after relocation, particularly for older children, while crop income declines significantly, although temporarily, following child mobility decisions. These results suggest that child relocation is not always an effective or welfare-improving strategy. © 2025 Elsevier B.V. All rights are reserved, including those for text and data mining, AI training, and similar technologies.","Child mobility; Heterogeneous treatment effect; O15; Q12; Q54; Rural households; Uganda; Weather shocks","Uganda; child care; climate change; developing world; dynamic analysis; economic analysis; household income; mobility","Article","Final","","Scopus","2-s2.0-105024818562"
"Gao J.; Zhu J.; Li Y.; Gong Y.; Shen M.","Gao, Jing (57967257100); Zhu, Jintao (59933979300); Li, Yurui (36698938800); Gong, Yanling (58615995900); Shen, Mei (59934891200)","57967257100; 59933979300; 36698938800; 58615995900; 59934891200","Spatio-temporal pattern of China's new quality agricultural productive forces and their impact on agriculture; [中国农业新质生产力的时空格局与强农效应]","2025","Dili Xuebao/Acta Geographica Sinica","80","5","","1386","1404","11","10.11821/dlxb20250515","https://www.scopus.com/pages/publications/105007505339?origin=resultslist","Cultivating new quality agricultural productive forces (NQAPFs) is an intrinsic requirement for promoting the construction of a strong agricultural country. It is of great practical significance to explain the scientific connotation of NQAPFs in China, analyze their spatial and temporal characteristics, and examine their impact on strengthening China's agriculture. This paper constructs an index system for measuring NQAPFs from four dimensions: agricultural science and technology, labor factors, industrial upgrading and agroecology, based on panel data from 30 provincial-level areas in China from 2012 to 2022. The Theil index, Markov chain and double machine learning methods are used to analyze the spatial and temporal patterns of NQAPFs, identify lagging regions, and empirically test the impact of NQAPFs on agricultural labor productivity and farmers' income. The research found that: China's NQAPFs increased steadily, with industrial upgrading contributing the most and the contributions of the labor factor and agroecology relatively weak; the current development presents a pattern of ""high in the east and low in the west"", with the eastern region>northeast region>central region>western region, and regional development is unbalanced. However, the NQAPFs converged towards higher levels, and the distribution dynamics are internally stable. Except for the northeast region, there is a converging trend of rapid growth in low-value areas in the eastern, central and western regions of the country. Econometric analysis shows that NQAPFs have significant positive impact on both agricultural labor productivity and farmers' income; 17 provincial-level areas with weak NQAPFs have been identified, mainly in the western and northeast regions. In the future, the focus of efforts to improve China's NQAPFs should be on increasing investment in agricultural science and technology, continuing to promote industrial upgrading, improving the quality of the workforce, strengthening the protection of agricultural ecosystems, and accelerating the improvement of the comprehensive development level of NQAPFs in central and western China. © 2025 Science Press. All rights reserved.","agricultural labor productivity; China; farmers' income; new quality agricultural productive forces; spatial pattern","China; Agricultural engineering; Agricultural products; Crop protection; Cultivation; Agricultural labor productivity; Agricultural labors; China; Farmer's incomes; Industrial upgrading; Labour productivities; New quality agricultural productive force; Northeast regions; Spatial patterns; Western region; agricultural labor; agricultural production; agricultural science; agroecology; development level; income; labor productivity; machine learning; panel data; regional development; spatiotemporal analysis; Agricultural robots","Article","Final","","Scopus","2-s2.0-105007505339"
"Dell M.; Jones B.F.; Olken B.A.","Dell, Melissa (35291870800); Jones, Benjamin F. (8967584300); Olken, Benjamin A. (8967584200)","35291870800; 8967584300; 8967584200","What do we learn from the weather? The new climate-economy literature","2014","Journal of Economic Literature","52","3","","740","798","1589","10.1257/jel.52.3.740","https://www.scopus.com/pages/publications/84907443137?origin=resultslist","A rapidly growing body of research applies panel methods to examine how temperature, precipitation, and windstorms influence economic outcomes. These studies focus on changes in weather realizations over time within a given spatial area and demonstrate impacts on agricultural output, industrial output, labor productivity, energy demand, health, conflict, and economic growth, among other outcomes. By harnessing exogenous variation over time within a given spatial unit, these studies help credibly identify (i) the breadth of channels linking weather and the economy, (ii) heterogeneous treatment effects across different types of locations, and (iii) nonlinear effects of weather variables. This paper reviews the new literature with two purposes. First, we summarize recent work, providing a guide to its methodologies, datasets, and findings. Second, we consider applications of the new literature, including insights for the ""damage function"" within models that seek to assess the potential economic effects of future climate change. © 2014, American Economic Association. All rights reserved.","","","Review","Final","All Open Access; Bronze Open Access","Scopus","2-s2.0-84907443137"
"Nilsson P.","Nilsson, Pia (55542789100)","55542789100","Productivity effects of CAP investment support: Evidence from Sweden using matched panel data","2017","Land Use Policy","66","","","172","182","48","10.1016/j.landusepol.2017.04.043","https://www.scopus.com/pages/publications/85019042946?origin=resultslist","This paper studies the effects of investment support from the common agricultural policy on labour and total factor productivity of agricultural firms in Sweden. Detailed firm-level data on 34 300 firms are used to estimate a matched panel model that relates firm productivity to a series of factors reflecting internal and external characteristics. The recently developed Coarsened Exact Matching method is used to estimate matched control groups and handle selection bias. Findings show a positive and significant treatment effect of investment support on firm productivity, but only for small firms. The analysis also reveals that an increase in the size of the support in relation to firm income has a negative and significant impact on productivity for all firms. Differentiating between various types of investment supports indicates heterogeneous treatment effects. The policy instrument can improve its efficiency if targeted to small firms and investments that have a link to public good provision. © 2017 Elsevier Ltd","CAP; CEM; Investment support; Productivity","Sweden; agroindustry; Common Agricultural Policy; investment; labor productivity; panel data; small and medium-sized enterprise; total factor productivity","Article","Final","All Open Access; Green Open Access","Scopus","2-s2.0-85019042946"
"Li S.; Yang C.; Li K.","Li, Su (57861475700); Yang, Changjun (60750599800); Li, Kexin (60750414200)","57861475700; 60750599800; 60750414200","Research on Traditional Rural Finance, Digital Finance, and Agricultural Economic Resilience: Causal Inference Based on Double Machine Learning","2026","Sustainability (Switzerland)","18","13","6585","","","0","10.3390/su18136585","https://www.scopus.com/pages/publications/105045237766?origin=resultslist","Agricultural economic resilience (AER) is not only a key pathway for promoting rural revitalization and ensuring food security, but also an important guarantee for sustainable agricultural development. Based on panel data for 1410 counties in China from 2014 to 2023, this study employs the entropy weight method, a double machine learning model (DML), an instrumental variable model, and a panel threshold model to systematically analyze the impact of traditional rural finance (TRF) on AER and its underlying mechanisms. It also examines the threshold effect of digital finance (DF) in the process through which TRF influences AER, and further explores the roles of DF and TRF in narrowing agricultural development disparities, with the aim of providing scientific evidence for rural revitalization and food security in China and other developing countries, and contributing to the sustainable development of agriculture. The results show that (1) TRF can significantly improve AER, with agricultural technological innovation (ATI) and agricultural socialized services (ASS) playing mediating roles; (2) DF and its dimensions, including coverage breadth, usage depth, and degree of digitalization, exhibit threshold effects in the impact of TRF on AER, and as the levels of DF and its dimensions increase, the positive effect of TRF shows a diminishing marginal trend, indicating a competitive crowding-out effect between the two; (3) the promoting effect of TRF on AER exhibits significant heterogeneity, being stronger in agricultural counties and in the eastern, central, and western regions, following a “Central > Eastern > Western” pattern, while it is not significant in the northeastern region; (4) TRF significantly reduces agricultural development disparities, whereas DF overall significantly exacerbates such disparities, although its different dimensions exhibit clear heterogeneity in their effects, with coverage breadth consistently and significantly widening regional agricultural development gaps. © 2026 by the authors.","agricultural economic resilience; digital finance; double machine learning; sustainable agricultural development; traditional rural finance","China; agricultural development; agricultural economics; alternative agriculture; digitization; machine learning; panel data; rural economy; rural finance","Article","Final","All Open Access; Gold Open Access","Scopus","2-s2.0-105045237766"
"Xiao Z.; Xu C.; Yu J.","Xiao, Zhiwen (60389051900); Xu, Caihua (57964341900); Yu, Jin (56376857900)","60389051900; 57964341900; 56376857900","The Impact of Farmers’ Digital Capability on Large-Scale Farmland Management: Evidence from the Perspective of Farmland Inflow Behavior","2026","Agriculture (Switzerland)","16","3","383","","","1","10.3390/agriculture16030383","https://www.scopus.com/pages/publications/105030029124?origin=resultslist","This study empirically investigates the impact and underlying mechanisms of farmers’ digital capability (DC) on large-scale farmland management, utilizing micro-survey data from 1144 rural households across five provinces in China: Anhui, Henan, Shaanxi, Hebei, and Shandong. The analysis employs a double machine learning model (DML). The results demonstrate that DC is positively related to farmers’ farmland inflow, thereby facilitating the realization of large-scale land management. Mechanism analysis reveals that farmers’ DC affects large-scale farmland management by expanding the transaction radius and improving agricultural production efficiency. Heterogeneity analysis indicates that the positive effect of DC on farmland inflow is more pronounced when farmers possess advantages in human capital, income levels, business entity characteristics, and natural endowments. This finding suggests that the impact of farmers’ DC on large-scale farmland management is not yet inclusive. Accordingly, the government should actively construct a cultivation system for farmers’ DC, build an inclusive digital service platform for farmland transfer, help farmers bridge the digital divide, and further unleash digital dividends. In future research, we will conduct follow-up surveys on fixed farmer households to expand the survey scope, optimize the measurement of key variables, and carry out comparative analyses across different institutional contexts, thereby providing a more systematic scientific basis for the development of agricultural modernization driven by digital empowerment. © 2026 by the authors.","digital capability; double machine learning model; farmland inflow; inclusiveness; large-scale farmland management","China; agricultural land; agricultural management; agricultural production; business; cultivation; government; inflow; machine learning; modernization","Article","Final","All Open Access; Gold Open Access; Green Open Access","Scopus","2-s2.0-105030029124"
"Giannarakis G.; Sitokonstantinou V.; Lorilla R.S.; Kontoes C.","Giannarakis, Georgios (57678211800); Sitokonstantinou, Vasileios (57202645115); Lorilla, Roxanne Suzette (57203392577); Kontoes, Charalampos (35618936400)","57678211800; 57202645115; 57203392577; 35618936400","Towards assessing agricultural land suitability with causal machine learning","2022","IEEE Computer Society Conference on Computer Vision and Pattern Recognition Workshops","2022-June","","","1441","1451","23","10.1109/CVPRW56347.2022.00150","https://www.scopus.com/pages/publications/85137832146?origin=resultslist","Understanding the suitability of agricultural land for applying specific management practices is of great importance for sustainable and resilient agriculture against climate change. Recent developments in the field of causal machine learning enable the estimation of intervention impacts on an outcome of interest, for samples described by a set of observed characteristics. We introduce an extensible data-driven framework that leverages earth observations and frames agricultural land suitability as a geospatial impact assessment problem, where the estimated effects of agricultural practices on agroecosystems serve as a land suitability score and guide decision making. We formulate this as a causal machine learning task and discuss how this approach can be used for agricultural planning in a changing climate. Specifically, we extract the agricultural management practices of ""crop rotation""and ""landscape crop diversity""from crop type maps, account for climate and land use data, and use double machine learning to estimate their heterogeneous effect on Net Primary Productivity (NPP), within the Flanders region of Belgium from 2010 to 2020. We find that the effect of crop rotation was insignificant, while landscape crop diversity had a small negative effect on NPP. Finally, we observe considerable effect heterogeneity in space for both practices and analyze it. © 2022 IEEE.","","Climate change; Crop rotation; Decision making; Ecosystems; Machine learning; Agricultural land; Crop diversity; Crop rotation; Data driven; Earth observations; Geo-spatial; Land suitability; Machine-learning; Management practises; Net primary productivity; Land use","Conference paper","Final","All Open Access; Green Open Access","Scopus","2-s2.0-85137832146"
"Chen H.; Liu M.; Xie S.; Chen L.","Chen, Hang (59632236900); Liu, Miaomiao (58892406000); Xie, Shuyang (60163756400); Chen, Liupeng (59216985200)","59632236900; 58892406000; 60163756400; 59216985200","A study on the impact of rural industrial integration on food production: empirical evidence from 2,571 counties in China","2025","Frontiers in Sustainable Food Systems","9","","1679453","","","5","10.3389/fsufs.2025.1679453","https://www.scopus.com/pages/publications/105020283485?origin=resultslist","Ensuring food security while advancing agricultural modernization is a strategic priority in China. Using county-level panel data from 2,571 counties in 26 provinces during 2013–2022, this study exploits the phased establishment of national rural industrial integration demonstration parks as a quasi-natural experiment. A difference-in-differences framework, combined with event-study analysis and multiple robustness checks—including tail trimming, placebo tests, shortened sample windows, PSM-DID, exclusion of concurrent policies, and double-machine-learning replacement—is employed to estimate causal effects on grain production. The results show that demonstration park designation significantly increases county-level grain output, with a benchmark effect of about 5.81%, which persists for three years after implementation but gradually declines over time. Mechanism analysis indicates that the policy effect operates mainly through agricultural technological progress and farmland scale operation, while heterogeneity tests reveal stronger impacts in counties with higher fiscal expenditure and greater internet penetration. These findings suggest that rural industrial integration can enhance grain production by promoting technology diffusion and land-use optimization, and that policy effectiveness is contingent on fiscal and digital conditions, highlighting the need for regionally tailored support when scaling up integration strategies. Copyright © 2025 Chen, Liu, Xie and Chen.","double difference model; food production; rural industrial integration; scale up of agricultural land; technical progress in agriculture","","Article","Final","All Open Access; Gold Open Access; Green Open Access","Scopus","2-s2.0-105020283485"
"He L.; Wang J.; Yang Y.; Yu Y.; Feng Z.; Yang Z.","He, Li (57225880483); Wang, Jiangyin (57384281900); Yang, Yang (59558258400); Yu, Yue (59744414000); Feng, Zihan (59395400500); Yang, Zhixiong (59402553500)","57225880483; 57384281900; 59558258400; 59744414000; 59395400500; 59402553500","Self-rated health differences among different workers in China with an agricultural hukou: the chain mediation effect of income satisfaction and medical service quality","2025","Humanities and Social Sciences Communications","12","1","539","","","4","10.1057/s41599-025-04859-z","https://www.scopus.com/pages/publications/105003020737?origin=resultslist","Workers with agricultural hukou (WAH) in China, due to the prevalence of their group and their vulnerability in terms of health, have long been the focal point of research. This study utilizes data from the 2016, 2018, and 2020 China Family Panel Studies (CFPS) to analyze the self-rated health status and influencing factors of different subgroups of WAH, including subsistence farmers, agricultural laborers, and non-agricultural workers. This study employed the two-way fixed-effects model, treatment effects model, double machine learning (DML), and structural equation modeling (SEM). The results show that, within the WAH population, subsistence farmers have the lowest self-rated health levels. In contrast, no statistically significant health differences were found between agricultural laborers and non-agricultural workers. Drawing upon public service accessibility theory, this study further confirms the chain mediation effect of income satisfaction and medical service quality on these health disparities. The findings provide important insights for the government to formulate more targeted and practical health promotion policies. © The Author(s) 2025.","","","Article","Final","All Open Access; Gold Open Access; Green Open Access","Scopus","2-s2.0-105003020737"
"Ayuya O.I.","Ayuya, Oscar Ingasia (55992162700)","55992162700","Organic certified production systems and household income: micro level evidence of heterogeneous treatment effects","2019","Organic Agriculture","9","4","","417","433","8","10.1007/s13165-018-0236-8","https://www.scopus.com/pages/publications/85075371790?origin=resultslist","This article provides empirical evidence on heterogeneous effects of local market-oriented organic vegetable and honey certification schemes on household income, thereby identifying who benefits most from the schemes in Kenya. Proliferation of pro-poor local market-oriented certified organic production systems in developing countries justifies the need for the study to inform research and policy perspective. The study uses stratification multilevel and matching-smoothing approach in estimating heterogeneous treatment effects that controls for pretreatment heterogeneity bias and treatment effect heterogeneity bias. Findings were that despite the objective of certified organic vegetable production program to improve the income of socially and economically disadvantaged farmers, the farmers with higher propensity scores benefited most. Farmers across all propensity score strata significantly benefited in organic honey production system. Moderate socially and economically advantaged farmers benefited most from certified organic honey certification. To policy makers and program planners, implicit assumption of homogenous effect of organic certification does not always hold. Program design could play important role in enhancing effectiveness of agricultural interventions in achieving higher income among the poor. © 2018, Springer Nature B.V.","Heterogeneous treatment effect; Homogeneous effect; Kenya; Organic certification; Pro-poor","","Article","Final","","Scopus","2-s2.0-85075371790"
"Gui J.-L.; He Y.; Leng J.; Luo H.-P.","Gui, Jun-Lian (60558873200); He, Yun (60166868300); Leng, Jing (60558527400); Luo, Hai-Ping (59880544900)","60558873200; 60166868300; 60558527400; 59880544900","Impact of High￣Standard Farmland Construction Policy on Synergy Between Agricultural Pollution Reduction and Carbon Mitigation—A Causal Inference Based on Optimized Double Machine Learning; [高标准农田建设政策的农业减污降碳协同效应———基于优化双重机器学习的因果推断]","2026","Resources and Environment in the Yangtze Basin","35","7","","1854","1870","0","10.11870/cjlyzyyhj202607018","https://www.scopus.com/pages/publications/105045963679?origin=resultslist","The high-standard farmland construction policy serves as a critical support for promoting the green transformation of agriculture. Based on panel data from 30 provinces (municipalities and autonomous regions) in China from 2006 to 2023, this study employed an optimized double machine learning model to examine the impact of the high-standard farmland construction policy on the synergy between agricultural pollution reduction and carbon mitigation. The findings revealed that: (1) The high-standard farmland construction policy significantly enhanced the regional synergy between agricultural pollution reduction and carbon mitigation. (2) The policy’ s impact exhibited an unbalanced effect, with more pronounced outcomes in regions with stringent environmental regulations, major grain-producing areas, and areas with high levels of farmland transfer. (3) The policy achieved the synergy by developing agricultural socialized services, promoting rural industrial integration, and encouraging the shift of cropland toward grain production. Additionally, the transfer of agricultural labor exerted an "" inverted U-shaped"" moderating effect on the policy’ s synergy outcomes. Accordingly, it is recommended to strengthen full-cycle management of high-standard farmland construction policy implementation, and enhance policy effectiveness based on local conditions, optimize policy pathways. © 2026 Editorial office of Resources and Environment in the Yangtze Basin. All rights reserved.","agricultural pollution reduction and carbon mitigation; double machine learning; high-standard farmland construction policy; policy effect","","Article","Final","","Scopus","2-s2.0-105045963679"
"Ame M.A.; Wei W.; Gemechu G.F.","Ame, Michael Aliyi (57338136000); Wei, Wei (56729607300); Gemechu, Gadisa Fayera (57393321200)","57338136000; 56729607300; 57393321200","Optimising Vegetation Buffers for Soil and Water Conservation in Dryland Cropping Systems: A Modelling Framework Integrating Causal and Process-Based Approaches","2026","Agriculture (Switzerland)","16","9","993","","","1","10.3390/agriculture16090993","https://www.scopus.com/pages/publications/105038400979?origin=resultslist","Soil erosion and nutrient loss degrade the soil resource base and water quality in dryland agricultural landscapes, yet optimal design of vegetation buffers for soil conservation under intensifying rainfall remains poorly quantified, particularly for nutrient retention. This study is novel in integrating event-scale rainfall-simulation experiments, Bayesian hierarchical modelling, Causal Forest analysis, and WEPP simulations to quantify how the sequential addition of biocrusts and grasses to shrub buffers shifts density thresholds for runoff, soil loss, and nutrient export across varying rainfall intensities. Experiments were conducted across a continuous shrub-density gradient (0–11,429 plants ha−1) representing three configurations: shrub monoculture, shrub-biocrust, and shrub-biocrust-grass on agricultural hillslopes of the Chinese Loess Plateau. Runoff, soil loss, and exports of total nitrogen (TN) and total phosphorus (TP) were measured. Results demonstrate three main findings. First, multilayer shrub–biocrust–grass buffers exhibited lower soil loss than monocultures. Posterior estimates indicate reductions from approximately 3.8 t ha−1 at moderate monoculture density to below 1.0 t ha−1 at lower planting densities, with 94% of the highest-density intervals reflecting uncertainty in these estimates. Second, Causal Forest analysis reveals a functional separation of controls: rainfall intensity dominates soil loss (88% importance) and runoff (84%), whereas nutrient retention responds more strongly to buffer structure and density management. Third, WEPP simulations across rainfall intensities (50–180 mm h−1) and slopes (10–30%) identify an optimal multilayer buffer density of 3800–5700 plants ha−1, which delivers robust multifunctional benefits with 50–67% lower planting requirements than conventional high-density monocultures. These findings demonstrate that multilayer vegetation buffers enhance soil retention and reduce nitrogen and phosphorus losses from hillslopes, sustaining the soil resource base and protecting water quality in dryland agricultural landscapes. The integrated modelling framework provides transferable, evidence-based density recommendations for climate-resilient soil conservation in similar dryland regions. © 2026 by the authors.","climate resilience; dryland agriculture; nutrient retention; soil and water conservation; vegetation buffers; WEPP model","China; Loess Plateau; agricultural modeling; buffer zone; cropping practice; dryland farming; grass; nutrient dynamics; nutrient loss; optimization; runoff; shrub; soil conservation; water management; water quality","Article","Final","All Open Access; Gold Open Access; Green Open Access","Scopus","2-s2.0-105038400979"
"Deng S.; Wei Q.; Hong Y.; Liu H.","Deng, Suhao (60617151700); Wei, Qianqing (60616973700); Hong, Yu (57216221995); Liu, Heguang (57224999596)","60617151700; 60616973700; 57216221995; 57224999596","Digital highways and green agricultural productivities: Evidence from county-level panel data in China","2026","Journal of Cleaner Production","562","","148450","","","2","10.1016/j.jclepro.2026.148450","https://www.scopus.com/pages/publications/105037937643?origin=resultslist","Agricultural green transformation is essential for sustainable and environmentally sound agricultural development. Despite rapid digitalization in China, empirical evidence on how digital infrastructure development affects agricultural green transformation remains limited. This study examined the extent to which digital infrastructure construction promotes agricultural green transformation using panel data from 1535 Chinese counties from 2014 to 2021. We calculated agricultural green total factor productivity (AGTFP) using a super-efficiency SBM–GML model and matched it with OpenCelliD base-station data. To estimate the effect of digital infrastructure on agricultural green production, we employed a combination of a two-way fixed-effects model, shift-share IV approach, and double machine learning tools. The results show that a 1% increase in digital infrastructure development is associated with a 0.023-unit improvement in the AGTFP (measured by the Malmquist index). Mechanistic analyses suggested that this improvement operates primarily through enhanced green technological change, local entrepreneurial innovation, and regional collaborative innovation. Heterogeneity analysis further revealed that the positive effect of digital infrastructure on AGTFP was significant in western China, more pronounced in non-main grain-producing areas, significant in inland regions, and insignificant in coastal regions. These findings provide evidence that expanding digital infrastructure can accelerate agricultural green transformation and offer practical guidance for sustainable agricultural policymaking. © 2026 Elsevier Ltd.","Agricultural green transformation; Digital infrastructure; Technological progress; Total factor productivity","Agricultural machinery; Agriculture; Green computing; Green development; Green manufacturing; Sustainable agriculture; Agricultural development; Agricultural green transformation; Agricultural productivity; County level; Digital infrastructures; Infrastructure construction; Infrastructure development; Panel data; Technological progress; Total factor productivity; Metadata","Article","Final","","Scopus","2-s2.0-105037937643"
"Zhao M.; Lu Y.","Zhao, Manru (60648774600); Lu, Yujia (57397321000)","60648774600; 57397321000","E-Commerce and the Spatial Rebalancing of Market Entry: A Multi-Mechanism Analysis of Urban–Rural Market Vitality in China","2026","Systems","14","5","567","","","0","10.3390/systems14050567","https://www.scopus.com/pages/publications/105040200631?origin=resultslist","The rapid expansion of e-commerce has transformed market access in developing economies, yet its impact on the spatial structure of market participation remains insufficiently understood. While existing studies primarily examine welfare outcomes such as income growth and consumption smoothing, few investigate how digital platforms reshape the balance of market entry between urban and rural areas. Drawing on New Economic Geography and platform economics theory, this study proposes that e-commerce development rebalances urban–rural market vitality through three associative pathways: alleviating rural capital constraints, improving rural innovation environments, and promoting agricultural-industry agglomeration. Using county-level panel data covering 2725 Chinese counties from 2011 to 2022, we employ a Double Machine Learning (DML) framework to examine the association between designation as an “E-commerce into Rural Comprehensive Demonstration County” and changes in the urban–rural market vitality balance (URMAR). The results indicate that demonstration county designation is associated with a statistically significant reduction in urban–rural market disparity, as measured by both the Theil index and the absolute difference in new enterprise registrations. The directional URMAR indicator further reveals that this convergence is driven primarily by accelerated rural enterprise formation. Subsample analysis confirms that the rebalancing interpretation holds across counties with different baseline market structures. Mechanism analysis provides suggestive evidence consistent with all three proposed associative pathways. Heterogeneity analysis further reveals that these effects are stronger in economically developed eastern regions, in counties linked to higher-tier cities, and in secondary and tertiary industries. These findings advance a market-structure perspective on digital development that complements existing welfare-based approaches and offer policy insights for fostering balanced regional development through targeted digital and complementary investments. © 2026 by the authors.","Double Machine Learning; e-commerce; market entry balance; New Economic Geography; rural revitalization; urban–rural market vitality","Agricultural machinery; Agriculture; Economic analysis; Investments; Regional planning; Rural areas; Urban growth; Double machine learning; E- commerces; Machine-learning; Market entry; Market entry balance; New economic geographies; Rural markets; Rural revitalization; Urban-rural; Urban–rural market vitality; Electronic commerce","Article","Final","All Open Access; Gold Open Access; Green Open Access","Scopus","2-s2.0-105040200631"
"Pan D.; Kong F.; Zhang N.; Ying R.","Pan, Dan (55780440500); Kong, Fanbin (56108100900); Zhang, Ning (57188694290); Ying, Ruiyao (26421548500)","55780440500; 56108100900; 57188694290; 26421548500","Knowledge training and the change of fertilizer use intensity: Evidence from wheat farmers in China","2017","Journal of Environmental Management","197","","","130","139","138","10.1016/j.jenvman.2017.03.069","https://www.scopus.com/pages/publications/85016267811?origin=resultslist","High fertilizer use intensity is a serious issue throughout China, with adverse environmental and economic impacts. The lack of knowledge of Chinese farmers has been found to be the primary constraint. Using a propensity score matching (PSM) method to create a credible counterfactual analysis, this study examines the causal effects of two kinds of knowledge training approaches, traditional one-time training and in-field guidance, on the change of fertilizer use intensity of wheat farmers in China. The estimated results provide evidence that the traditional one-time training approach has a small effect on fertilizer use intensity reduction (only a 4% average), while the in-field guidance has a larger effect on fertilizer use intensity reduction (a 17% average). Moreover, we also found knowledge training has heterogeneous treatment effects. The reduction in fertilizer use intensity is larger for the farmers who are male and middle aged, have acquired a middle level of education, receive a lower share of off-farm income, collect a lower income, and operate a larger farm. © 2017 Elsevier Ltd","China; Fertilizer use intensity; Knowledge training; Wheat production","Agriculture; China; Farmers; Female; Fertilizers; Humans; Male; Middle Aged; Triticum; China; Triticum aestivum; Air navigation; Farms; fertilizer; Adverse environmental impacts; China; Environmental and economic impacts; Fertilizer use; Fertilizer use intensity; In-field; Intensity reduction; Knowledge training; Wheat farmers; Wheat production; agricultural management; crop production; farmers knowledge; fertilizer application; traditional agriculture; traditional knowledge; training; wheat; adult; agricultural worker; Article; China; controlled study; educational status; female; fertilizer application; human; income; knowledge; male; middle aged; propensity score; training; wheat; agricultural worker; agriculture; Fertilizers","Article","Final","","Scopus","2-s2.0-85016267811"
"Zhang J.; Zhang W.","Zhang, Jingkun (59492367600); Zhang, Wang (58289596500)","59492367600; 58289596500","Harnessing Digital Technologies for Rural Industrial Integration: A Pathway to Sustainable Growth","2024","Systems","12","12","564","","","34","10.3390/systems12120564","https://www.scopus.com/pages/publications/85213421998?origin=resultslist","Data have become a virtual factor of production, and when integrated with the traditional factors of labor, capital, and land form digital labor, digital capital, and digital land, thereby generating a multiplier effect that contributes to the comprehensive revitalization of rural areas. This paper utilizes panel data from 30 provinces (autonomous regions and municipalities) in China from 2013 to 2023 and employs a double machine learning model to empirically test the impact mechanism of rural digitalization on the integration of rural industries. The results indicate that digital villages significantly promote the integrated development of rural industries through three direct pathways—digital industry development, digital information infrastructure, and digital service levels—with this conclusion remaining valid after a series of robustness tests. A mechanism analysis shows that digital villages facilitate the integration of rural industries through three indirect pathways—alleviating urban–rural factor mismatches, adjusting the agricultural–industrial structure, and promoting agricultural technological advancement—with this conclusion still valid after various robustness tests. The heterogeneity results show that there is significant variability in how digital villages promote the development of integrated rural industries, with the effects being more pronounced in major grain-producing and eastern regions compared to non-major grain-producing and central-western regions. Based on this, this paper proposes policy recommendations focused on accelerating digital village construction, formulating differentiated strategies, and alleviating factor mismatches, aiming to provide references for achieving rural revitalization. We mainly propose countermeasures and suggestions from three aspects: digital dividend, differentiation strategy, and element mismatch. Our main purpose in writing this article is to make up for the shortcomings of existing theories, enrich the theoretical system of digital rural construction, contribute Chinese solutions for digital rural construction around the world, and improve the word’s level of digital rural construction. © 2024 by the authors.","digital technique; dual machine learning; rural industrial integration","","Article","Final","All Open Access; Gold Open Access; Green Open Access","Scopus","2-s2.0-85213421998"
"Letta M.; Montalbano P.; Paolantonio A.","Letta, Marco (57202601403); Montalbano, Pierluigi (48661342000); Paolantonio, Adriana (57190616746)","57202601403; 48661342000; 57190616746","Climate-induced migration or immobility? Evidence from Nigeria","2027","World Development","209","","107546","","","0","10.1016/j.worlddev.2026.107546","https://www.scopus.com/pages/publications/105049612503?origin=resultslist","The complex relationship between climate shocks, adaptation, and migration hinders a rigorous understanding of the heterogeneous mobility outcomes of farm households exposed to climate stress. To unpack this heterogeneity, we couple causal machine learning methods, tailored to a conceptual framework bridging economic migration theory and the poverty traps literature, with longitudinal multi-topic household data from Nigeria. This approach allows us to produce fine-grained, non-parametric evidence that identifies the factors driving divergent mobility outcomes across different household groups affected by the same shocks. The estimated conditional average treatment effects suggest that key variables—pre-shock asset levels, in situ adaptive capacity, and weather exposure during the previous survey period—shape not only the magnitude but also the sign of the impact of agriculture-relevant weather anomalies on the mobility outcomes of farming households. While in situ adaptation serves as an alternative to migration, the role played by wealth constraints and multiple shock exposure is consistent with the existence of climate-induced immobility traps. © 2026 The Author(s)","Adaptation; Causal forests; Climate migration; Household data; Immobility traps","Nigeria; adaptive management; climate effect; conceptual framework; heterogeneity; machine learning; migration; weather","Article","Final","All Open Access; Green Open Access; Hybrid Gold Open Access","Scopus","2-s2.0-105049612503"
"Verma S.; Sahoo B.K.; Ghosh S.","Verma, Sahil (59407424700); Sahoo, Bimal Kishore (35784975200); Ghosh, Sunandan (57193379621)","59407424700; 35784975200; 57193379621","Climate change and inequality: distributional effects of heatwaves and heat stress in India","2026","Environment and Development Economics","","","","","","0","10.1017/S1355770X2610062X","https://www.scopus.com/pages/publications/105046093272?origin=resultslist","The study investigates the effect of extreme heat on consumption inequality in India from 2014 to 2022. To capture local geographical and climatic diversity, the study examines the effect at the district level. We calculated a range of indices to measure extreme heat, including heatwaves, hot days and heat stress. We provided empirical evidence on the effect of extreme heat on inequality using two-way fixed-effects and generalised method of moments, and causal evidence using double machine learning. Results reveal that extreme heat increases inequality. Districts with high-temperature anomalies adapt to extreme heat, whereas those with low-temperature anomalies experience greater adverse effects. The study explores the agricultural channel and finds that districts with high agricultural intensity exhibit greater adaptation to extreme heat, whereas low-agricultural-intensity districts experience increased inequality due to extreme heat. Classifying districts by temperature anomalies and agricultural intensity is crucial for policies aimed at mitigating the impacts of extreme heat. © The Author(s), 2026. Published by Cambridge University Press.","climate change; double machine learning; heatwaves; inequality; night-time light","","Article","Article in press","","Scopus","2-s2.0-105046093272"
"Kouame A.K.K.; Heuvelink G.B.M.; Bindraban P.S.","Kouame, Anselme K.K. (57659313500); Heuvelink, Gerard B.M. (6603849280); Bindraban, Prem S. (6603331894)","57659313500; 6603849280; 6603331894","Modeling and explaining fertilizer effect heterogeneity on maize yield in Ghana using causal and predictive machine learning","2026","Field Crops Research","337","","110287","","","2","10.1016/j.fcr.2025.110287","https://www.scopus.com/pages/publications/105024444027?origin=resultslist","Context: Maize is a key staple crop in Ghana, yet yields remain low (20–40 % of potential). Although fertilizer is promoted to enhance productivity, adoption is limited by highly variable yield responses. Objective: This study analyzed spatial and environmental drivers of fertilizer effect heterogeneity using 2854 yield observations from randomized controlled trials and 10,916 pairwise absolute yield response to fertilizer (AR) estimates. Methods: Causal forest (CF) and boosted random forest (BRF) models to estimated fertilizer effects, with BRF performance evaluated via a 10 × 10 nested cross-validation and grid search. SHapley Additive exPlanations and Accumulated Local Effects analyses identified key drivers of fertilizer effect heterogeneity and quantified the magnitude of their influence on fertilizer yield effect. Results and conclusions: Fertilizer effect varied widely (–4.7–8.9 t ha–1), with the Sudan Savannah showing the highest median AR (2.8 t ha–1) and the Forest-Savannah Transition the lowest (0.9 t ha–1). BRF outperformed CF in predicting fertilizer effects (ME: –0.06–0.05 t ha–1 vs. –0.19 t ha–1, RMSE: 1.17–1.23 t ha–1 vs. 1.3 t ha– 1, MEC: 0.32–0.38 vs. 0.24 and CCC: 0.46–0.54 vs. 0.34). Key determinants of fertilizer effect heterogeneity included both climatic variables (Palmer Drought Severity Index [PDSI], vapor pressure deficit, rainfall) and soil properties (silt content, exchangeable aluminum). PDSI emerged as the dominant driver of fertilizer effect heterogeneity in the entire data set. However, the relative importance of soil versus climate varied spatially: soil properties were the main drivers of fertilizer effect in the Semi-Deciduous Forest and the Forest-Savannah Transition, whereas climatic variables played a stronger role in northern zones. Fertilizer yield effect increased by 0.4–1.6 t ha–1 with increasing PDSI, indicating that improved moisture availability enhances fertilizer use efficiency. Overall, optimal moisture conditions (PDSI > –2.0), the use of hybrid seeds, and the application of briquette fertilizer all contributed to higher fertilizer effects, whereas drought conditions substantially reduced them. Furthermore, fertilizer effect decreased by 0.2–1.4 t ha–1 as silt increased from 9 % to 30 %, and by 0.3–0.6 t ha–1 as exchangeable aluminum increased from 36 to 221 mg kg–1. Significance: This study presents the first large-scale, data-driven assessment of fertilizer yield effects heterogeneity in Ghana, integrating causal and predictive machine learning with explainable AI. Findings support tailored fertilizer strategies by agro-ecological zones to reduce farmer risk and promote sustainable intensification. © 2025 The Authors","Agro-ecological zones; Causal machine learning; Data-driven modeling; Exchangeable aluminum; Fertilizer use efficiency; Precision agriculture; Yield response","Ghana; aluminum; fertilizer application; machine learning; maize; precision agriculture; silt; soil moisture; vapor pressure; yield response","Article","Final","All Open Access; Green Open Access; Hybrid Gold Open Access","Scopus","2-s2.0-105024444027"
"Stetter C.; Mennig P.; Sauer J.","Stetter, Christian (57522367800); Mennig, Philipp (57217488100); Sauer, Johannes (15846725100)","57522367800; 57217488100; 15846725100","Using Machine Learning to Identify Heterogeneous Impacts of Agri-Environment Schemes in the EU: A Case Study","2022","European Review of Agricultural Economics","49","4","","723","759","44","10.1093/erae/jbab057","https://www.scopus.com/pages/publications/85135020553?origin=resultslist","Legislators in the European Union have long been concerned with the environmental impact of farming activities and introduced so-called agri-environment schemes (AES) to mitigate adverse environmental effects and foster desirable ecosystem services in agriculture. This study combines economic theory with a novel machine learning method to identify the environmental effectiveness of AES at the farm level. We develop a set of more than 130 contextual predictors to assess the individual impact of participating in AES. Results from our empirical application for Southeast Germany suggest the existence of heterogeneous, but limited effects of agri-environment measures in several environmental dimensions such as climate change mitigation, clean water and soil health. By making use of Shapley values, we demonstrate the importance of considering the individual farming context in agricultural policy evaluation and provide important insights into the improved targeting of AES along several domains.  © 2022 The Author(s). Published by Oxford University Press on behalf of the Foundation for the European Review of Agricultural Economics. All rights reserved.","Agri-environment schemes; causal machine learning; EU common agricultural policy (CAP); heterogeneous treatment effects; impact evaluation; random forests (RFs)","agricultural policy; climate change; ecosystem service; heterogeneous medium; machine learning; mitigation","Article","Final","","Scopus","2-s2.0-85135020553"
"Yang Y.; Ma K.; Yang Y.; Si W.","Yang, Yan (53464808600); Ma, Kaixuan (60814154900); Yang, Yuying (60814155000); Si, Wei (55484775200)","53464808600; 60814154900; 60814155000; 55484775200","Impact of digital capability on grain green production efficiency: Evidence from major maize - producing regions in Southwest, Northwest, and Huang - Huai - Hai region of China; [数字能力对粮食绿色生产效率的影响研究- 以西南尧西北和黄淮海玉米主产区为例]","2026","Journal of Arid Land Resources and Environment","40","9","","59","70","0","10.13448/j.cnki.jalre.2026.147","https://www.scopus.com/pages/publications/105048620402?origin=resultslist","Under the dual objectives of ensuring food security and promoting agricultural green transformation, exploring the impact of digital capability on grain green production efficiency is of great practical significance for improving the quality and efficiency of grain production and advancing high - quality agricultural development. Based on survey data from 537 maize farmers, this study measures maize green production efficiency using the super efficiency SBM model and empirically examines the effect of digital capability on green production efficiency through a Double Machine Learning approach. The results indicate that: 1) Digital capability significantly improves maize green production efficiency, and this conclusion remains robust after a series of robustness tests, including winsorization, alternative sample - splitting ratios, alternative machine learning algorithms, and alternative measures of the core explanatory variable. 2) Mechanism analysis reveals that digital capability enhances green production efficiency through three pathways: strengthening green cognition in the pre - production stage, promoting technology adoption during production, and improving price responsiveness in the post -production stage. 3) Heterogeneity analysis reveals that the positive effect of digital capabilities on maize green production efficiency is more pronounced among farmers with better infrastructure conditions and those using socialized services, while the effects differ across dimensions of digital capabilities. Based on these findings, this study suggests strengthening farmers' digital capability, improving rural digital infrastructure and agricultural digital service systems, and promoting the deep integration of digital technologies with green agricultural production, thereby facilitating the green transformation of grain production. © 2026 Editorial Office of Journal of Arid Land Resources and Environment. All rights reserved.","agricultural green transformation; digital capability; Double Machine Learning Model; grain production; green production efficiency","","Article","Final","","Scopus","2-s2.0-105048620402"
"Zhang M.; Guo E.; Wang Y.; Si H.; Li X.; Kang Y.; Gu X.; Zhao P.; Xu H.; Zhao S.; Cui S.","Zhang, Mengmeng (59757693800); Guo, Enliang (56018934800); Wang, Yongfang (55648533700); Si, Ha (60406801300); Li, Xiangqian (57195612511); Kang, Yao (57226114329); Gu, Xiling (59970651300); Zhao, Pengqi (60406709700); Xu, Heng (60406756300); Zhao, Shuixia (57189324691); Cui, Shengjie (59134706100)","59757693800; 56018934800; 55648533700; 60406801300; 57195612511; 57226114329; 59970651300; 60406709700; 60406756300; 57189324691; 59134706100","Causation, evolution, and multi-level propagation from meteorological to agricultural drought in Inner Mongolia","2026","Agricultural Water Management","326","","110236","","","6","10.1016/j.agwat.2026.110236","https://www.scopus.com/pages/publications/105030573713?origin=resultslist","In the context of global warming and intensified human activity, understanding how meteorological drought (MD) propagates to agricultural drought (AD) across different soil depths is essential for improving agricultural production security. Focusing on Inner Mongolia (IM) as the research area, this study employed the standardized precipitation evapotranspiration index and standardized soil moisture index at various soil depths (swvl 1 -swvl 4 ) to represent MD and AD, respectively. The Copula function was applied to identify the non-linear propagation relationship between the MD and AD. Additionally, the Theil-Sen median, Mann-Kendall test, moving-window analysis, and wavelet analysis methods were integrated to reveal the spatiotemporal evolutionary trends of MD and AD and their propagation times (PT). Finally, a spatial causal relationship identification framework integrating Shapley Additive Explanations and Causal Forest was constructed to quantitatively assess the mechanisms influencing MD-AD drought PT across vegetation types. The results showed that MD and AD from swvl 1  to swvl 4  in the central and eastern IM both exhibited a trend of increasing severity, whereas the western region was primarily characterized by a trend toward humidification. The PT of MD and AD from the first to third layers (MD-AD swvl1–3 ) increased gradually with soil depth, and PT of less than six months primarily concentrated in central Xilingol, northern Hulunbuir, and the western IM. Northwest of Xilingol, MD-AD swvl4  exhibited a distinct distribution of shorter PT (< 6 months) than MD-AD swvl1–3 . Furthermore, in the desert steppe (DS) and sand land vegetation (SV) areas, MD-AD swvl1–2,4  had shorter PT and propagated more rapidly. The spatial extent and magnitude of the influence of human activity factors on MD-AD swvl1–4  were greater than those of meteorological factors. With respect to individual factors, CO₂, grazing intensity, potential evaporation, and temperature exhibited effects that prolonged PT in most vegetation types, while surface runoff and total precipitation delayed or shortened PT. However, in the DS and SV region, the direction of these effects shifted with soil depth. For MD-ADswvl1–2 and MD-ADswvl4, all influencing factors prolonged the PT in BF and CNF and shortened the PT in DS and SV, respectively. The findings not only enhance the scientific understanding of drought evolution but also have practical implications for safeguarding agricultural and pastoral production and maintaining regional ecological balance. © 2026 The Authors.","Agricultural Drought; Copula functions; Drought propagation time; Human activity; Meteorological Drought","China; Nei Monggol; Agronomy; Drought; Forestry; Global warming; Soil moisture; Soil surveys; Soil testing; Wavelet analysis; Agricultural drought; Copula functions; Drought propagation time; Human activities; Inner Mongolia; Land vegetation; Meteorological drought; Propagation time; Soil depth; Vegetation type; agricultural production; drought; evapotranspiration; grazing; human activity; pastoralism; propagation (horticulture); runoff; soil moisture; wavelet analysis; Vegetation","Article","Final","All Open Access; Gold Open Access; Green Open Access","Scopus","2-s2.0-105030573713"
"Brignoli P.L.; De Mey Y.; Gardebroek C.","Brignoli, P.L. (58966310700); De Mey, Y. (54406629300); Gardebroek, C. (6508350490)","58966310700; 54406629300; 6508350490","Everything under control: comparing machine learning and classical econometric impact assessment methods using FADN data","2024","European Review of Agricultural Economics","51","5","","1410","1441","2","10.1093/erae/jbae034","https://www.scopus.com/pages/publications/85218895860?origin=resultslist","Machine learning (ML) methods have been proposed to improve the assessment of agricultural policies through enhanced causal inference. This study uses a simulation framework tailored to Farm Accountancy Data Network (FADN) data to scrutinize the performance of both ML and classical methods under diverse causal properties crucial for identification. Our findings reveal significant variations in performance across different treatment assignment rules, sample sizes and causal properties. Notably, the Causal Forest method consistently outperforms others in retrieving the causal effect and accurately characterizing its heterogeneity. However, the data-driven approach of ML methods proves ineffective in selecting the correct set of controls and addressing latent confounding. © 2024 The Author(s).","causal inference; controlled simulation experiment; FADN; machine learning","econometrics; experimental study; machine learning; performance assessment; simulation","Article","Final","All Open Access; Green Open Access","Scopus","2-s2.0-85218895860"
"Kluger D.M.; Di Tommaso S.; Lobell D.B.","Kluger, Dan M. (57219604888); Di Tommaso, Stefania (57212792894); Lobell, David B. (6603095001)","57219604888; 57212792894; 6603095001","Precrop payoffs: causal machine learning reveals large but variable yield benefits of crop rotation in major breadbaskets","2025","Environmental Research Letters ","20","11","114037","","","1","10.1088/1748-9326/ae0f45","https://www.scopus.com/pages/publications/105019494154?origin=resultslist","Building sustainable food systems that are resilient to climate change will require improved agricultural management and policy. One common practice that is well-known to benefit crop yields is crop rotation, yet there remains limited understanding of how the benefits of crop rotation vary for different crop sequences and for different weather conditions. To address these gaps, we leverage crop type maps, satellite data, and causal machine learning to study how precrop effects on subsequent yields vary with cropping sequence choice and weather. Complementing and going beyond what is known from randomized field trials, we find that (i) for those farmers who do rotate, the most common precrop choices tend to be among the most beneficial, (ii) the effects of switching from a simple rotation (which alternates between two crops) to a more diverse rotation were typically small and sometimes even negative, (iii) precrop effects tended to be greater under rainier conditions, (iv) precrop effects were greater under warmer conditions for soybean yields but not for other crops, and (v) legume precrops conferred smaller benefits under warmer conditions. Our results and the methods we use can enable farmers and policy makers to identify which rotations will be most effective at improving crop yields in a changing climate. © 2025 The Author(s). Published by IOP Publishing Ltd.","causal inference; crop rotation; heterogeneous treatment effects; precrop effects; remote sensing; rotational diversity","Agricultural machinery; Climate change; Crop rotation; Learning systems; Machine learning; Rotation; Causal inferences; Crop rotation; Crop yield; Heterogeneous treatment effect; Machine-learning; Precrop effect; Remote-sensing; Rotational diversity; Treatment effects; Warmer conditions; agricultural management; climate change; climate effect; crop rotation; crop yield; cropping practice; legume; machine learning; remote sensing; satellite data; soybean; weather; Remote sensing","Article","Final","All Open Access; Gold Open Access; Green Open Access","Scopus","2-s2.0-105019494154"
"Ao X.; Dong L.; Zhou C.; Xia C.","Ao, Xianlu (60351583800); Dong, Liang (55752935000); Zhou, Chenxi (58758542400); Xia, Chuyu (57189439568)","60351583800; 55752935000; 58758542400; 57189439568","Linking agricultural land use efficiency and trade policy friendliness to embodied carbon transfers:Evidence from China-ASEAN agricultural trade","2026","Journal of Environmental Management","417","","130958","","","0","10.1016/j.jenvman.2026.130958","https://www.scopus.com/pages/publications/105050681109?origin=resultslist","Agricultural land use efficiency (ALUE) shapes global trade-related carbon transfer. However, whether ALUE improvements translate into reduced net embodied carbon transfer (NECT) in bilateral trade, and how bilateral trade policy friendliness (TPF) between trading partners reshapes this relationship, remain unclear. Based on the trade-environment framework, New Institutional Economics, and Trade Facilitation Theory, this study applies a Double Machine Learning approach with moderation analysis to explore the ALUE-TPF-NECT relationship. ALUE is measured using the DEA-Malmquist index, and a dynamic TPF index is constructed from 90 agricultural trade policy events through textual analysis. Using China-ASEAN agricultural trade data from 2002 to 2021, we find that: (1) The growth of NECT to China and improvements in bilateral TPF between ASEAN countries and China exhibit a clear spatial mismatch: Vietnam and Myanmar account for 94.8% of NECT growth, whereas Cambodia, Laos, and Thailand contribute 43.5% of TPF improvements; (2) Improvements in ALUE are significantly and positively associated with NECT from ASEAN to China, with this association mainly driven by export-side embodied carbon rather than import-side changes; and (3) One-period lagged TPF significantly weakens the positive ALUE-NECT relationship, indicating that friendly trade policies may reduce efficiency-driven NECT. Our findings reveal that efficiency gains alone cannot reduce agricultural trade-related embodied carbon transfer, and that bilateral TPF is a necessary condition for avoiding efficiency-driven carbon leakage and achieving green trade development. ASEAN countries should jointly improve ALUE, optimize bilateral TPF with China, and strengthen the low-carbon management of export-oriented agricultural supply chains. © 2026 Elsevier Ltd","Agricultural land use efficiency; China-ASEAN agricultural trade; Double machine learning; Trade policy friendliness; Trade-related carbon transfer","Agriculture; Carbon; China; Commerce; Conservation of Natural Resources; Cambodia; China; Laos; Myanmar; Thailand; Viet Nam; Agricultural machinery; Agriculture; Carbon; Carbon Economy; International trade; Land use; carbon; Agricultural land use; Agricultural land use efficiency; Carbon transfer; China-ASEAN agricultural trade; Double machine learning; Land use efficiency; Machine-learning; Trade policies; Trade policy friendliness; Trade-related carbon transfer; agricultural land; agricultural policy; agricultural trade; ASEAN; carbon; land use; machine learning; trade policy; trade-environment relations; agricultural land; Article; Cambodia; China; conceptual framework; Laos; machine learning; Myanmar; policy; Thailand; Viet Nam; agriculture; commercial phenomena; environmental protection; Efficiency","Article","Final","All Open Access; Hybrid Gold Open Access","Scopus","2-s2.0-105050681109"
"Liu L.; Wu Y.","Liu, Lijin (58669643600); Wu, Yilin (56065873500)","58669643600; 56065873500","Drought Shocks and Firm Performance: A Study of Causal Effects Using Machine Learning","2025","Weather, Climate, and Society","17","4","","653","668","3","10.1175/WCAS-D-24-0111.1","https://www.scopus.com/pages/publications/105023057147?origin=resultslist","This paper explores the effects of drought shocks on firms’ performance based on the generalized random forest by integrating farmers and firms into the same analytical framework. The results indicate that drought shocks have a negative impact on firms’ revenues, employment size, and profit. The negative impact of drought shocks on firms has significant heterogeneous effects across firms with different assets, industries, and ages. Robustness tests reveal that the data used in the study contain sufficient information so that the results are not affected by omitted variables and other confounding factors. In addition, the results remain robust when nonrandomization, repeated shocks, and spillover effects are considered. Mechanistic analyses reveal that drought shocks affect firms through demand and cost effects. On the one hand, drought shocks affect the consumption level of regional farmers, which reduces the demand for firms’ products, thus affecting firms’ revenues and employment. On the other hand, drought shocks lead to a decline in demand for firms’ products that is greater than the decline in firms’ costs, which in turn has an impact on firms’ profits. The results of the adaptive strategies analysis show that promoting agricultural technology, improving agricultural facilities, and promoting financial inclusion in the region can effectively mitigate the negative impacts of drought shocks on firms’ performance. © 2025 American Meteorological Society.","Adaptation; Climate change; Drought; Extreme events; Social Science; Statistics","adaptive management; climate change; drought; employment; extreme event","Article","Final","","Scopus","2-s2.0-105023057147"
"Deb P.; Gregory C.A.","Deb, Partha (7006141572); Gregory, Christian A. (54995674300)","7006141572; 54995674300","Heterogeneous impacts of the Supplemental Nutrition Assistance Program on food insecurity","2018","Economics Letters","173","","","55","60","15","10.1016/j.econlet.2018.09.011","https://www.scopus.com/pages/publications/85054057182?origin=resultslist","We study the effects of SNAP participation on food insecurity allowing for a priori unspecified heterogeneous treatment effects. Using finite mixture models, we identify a low food security class comprising almost 60% of the samples for whom SNAP participation increases the probability of no food insecurity by 14–37 percentage points across specifications and decreases the probability of very high insecurity by 14–35 percentage points. We find that SNAP participation has a small and statistically insignificant effect on food insecurity for the remaining 40% of the population. By examining posterior probabilities of class membership, we discover that individuals in the latter class are less likely to report unmet food needs and live in larger households where more consumption smoothing may be possible. © 2018 Elsevier B.V.","Finite mixture models; Food insecurity; Food stamps; SNAP","","Article","Final","","Scopus","2-s2.0-85054057182"
"Schmidt L.; Odening M.; Ritter M.","Schmidt, Lorenz (57369403200); Odening, Martin (6603182320); Ritter, Matthias (54406392500)","57369403200; 6603182320; 54406392500","Do non-farmers pay more for land than farmers?","2024","European Review of Agricultural Economics","51","4","","1094","1128","3","10.1093/erae/jbae023","https://www.scopus.com/pages/publications/85217043802?origin=resultslist","The increase in farmland prices in many parts of the world over the past decade has sparked discussions about whether non-farmers pay higher prices for farmland. This study uses a causal machine learning approach with a rich data set of land transactions in Germany to quantify the potential price premium paid by non-farmers. By applying the causal forest method, we uncover the heterogeneity of price premiums and reveal moderating effects of covariates. We find that the average positive price premium by non-farmers decreases with parcel size and distance to a highway exit.  © 2024 The Author(s).","causal forest; causal machine learning; farmland; heterogeneous treatment effect; non-agricultural investors","Germany; agricultural economics; agricultural land; heterogeneity; machine learning","Article","Final","All Open Access; Hybrid Gold Open Access","Scopus","2-s2.0-85217043802"
"Pan H.; Wen J.; Liu H.","Pan, Hesi (57193056270); Wen, Jing (60941487200); Liu, Hongzhi (48761617500)","57193056270; 60941487200; 48761617500","Agricultural Industrial Agglomeration and Agricultural Eco-Efficiency: Theoretical Mechanisms and Empirical Analysis","2026","Sustainability (Switzerland)","18","18","9328","","","0","10.3390/su18189328","https://www.scopus.com/pages/publications/105051827251?origin=resultslist","Addressing the structural contradiction between “large country with small-scale farming” and “ecological constraints” in the process of Chinese-style agricultural modernization necessitates a reexamination of the interactive relationship between industrial spatial organization and eco-efficiency. Based on provincial panel data from 2004 to 2023, this paper constructs an analytical framework encompassing four dimensions—scale, technology, structure, and society—and employs double/debiased machine learning models to systematically examine the effects of agricultural industrial agglomeration on agricultural eco-efficiency. The findings are as follows: (1) The impact exhibits a U-shaped dynamic pattern of “initial suppression followed by later promotion.” (2) The mechanism analysis identifies four transmission pathways—economies of scale, technological innovation, industrial structure, and agricultural socialized services. Among these, technological innovation, agricultural socialized services, and industrial structure rationalization exhibit significant positive transmission effects, whereas economies of scale generate a negative net effect due to over-intensive factor inputs, and the mediating effect of industrial structure sophistication has not yet materialized. (3) Agricultural technological innovation exhibits a significant double-threshold effect and serves as the key variable for unlocking the eco-efficiency benefits of agglomeration. (4) Agricultural industrial agglomeration exerts significant negative spatial spillover effects on neighboring regions, with this effect being more pronounced in western China, low-agglomeration areas, and non-major grain-producing regions. This study elucidates the nonlinear dynamics and spatial externalities of agglomeration’s ecological effects, providing a basis for differentiated agricultural environmental policies and cross-regional ecological collaborative governance. © 2026 by the authors.","agricultural eco-efficiency; agricultural industrial agglomeration; double machine learning; spatial spillover; threshold effect","","Article","Final","All Open Access; Gold Open Access","Scopus","2-s2.0-105051827251"
"Qin Y.; Yuan S.; Wang Y.; Wang L.","Qin, Yashu (59549698800); Yuan, Shiyao (60680001000); Wang, Yueyue (60679801300); Wang, Luwei (60199292700)","59549698800; 60680001000; 60679801300; 60199292700","Can water resource tax reform increase grain yield?—Evidence from China","2026","Frontiers in Sustainable Food Systems","10","","1806704","","","0","10.3389/fsufs.2026.1806704","https://www.scopus.com/pages/publications/105041030692?origin=resultslist","Introduction – Water plays an extremely important role in agricultural production. However, the impact of the water resource tax reform on grain yield has not yet been fully investigated. Methods – Taking the pilot reform of water resource “fee-to-tax” as a quasi-natural experiment, we construct a panel dataset of Chinese prefecture-level cities from 2013 to 2019 and employ a multi-period difference-in-differences model, supplemented by double machine learning and a series of robustness tests, to identify the impact of the reform on grain yield. Results – The results show that the water resource tax reform significantly increases grain yield. This finding remains robust after a battery of tests, including parallel trend tests, placebo tests, PSM-DID estimation, and the exclusion of special samples. Mechanism analysis indicates that the reform promotes grain yield mainly through two channels: reducing industrial pollution and stimulating green innovation. Specifically, the reform reduces industrial wastewater discharge, thereby improving agricultural production conditions, while also enhancing regional green innovation, which strengthens water-use efficiency and agricultural productivity. Heterogeneity analysis further shows that the grain-yield-enhancing effect is more pronounced in non-major grain-producing areas, regions with higher levels of digital economy development, and areas with stronger environmental regulation intensity. Discussion – This study extends the evaluation of water resource tax reform from water-use and environmental performance to agricultural output, and provides empirical evidence for understanding the role of resource-based environmental taxation in promoting food security under rigid water constraints. Copyright © 2026 Qin, Yuan, Wang and Wang.","agricultural productivity; grain yield; technological innovation; water resource management; water resource tax reform","","Article","Final","All Open Access; Gold Open Access; Green Open Access","Scopus","2-s2.0-105041030692"
"Yan Y.; Chen L.; Xu A.; Wei Y.","Yan, Yingzheng (57970465400); Chen, Liupeng (59216985200); Xu, Aoqi (60403014600); Wei, Yuanzhu (57759021000)","57970465400; 59216985200; 60403014600; 57759021000","Government Audits and Rural Revitalization: Causal Evidence From China","2026","SAGE Open","16","1","","","","1","10.1177/21582440251414766","https://www.scopus.com/pages/publications/105030387016?origin=resultslist","Urbanization is a long-term structural transformation occurring worldwide. Promoting coordinated urban-rural development and sustainable rural growth has become a central concern for the international community. Countries universally face challenges, such as the declining economic role of agriculture, inadequate rural infrastructure, and population outflow in the process of promoting rural transformation. In this context, government audits (GA) serve as an independent external oversight mechanism. They play a critical role in ensuring the effective implementation of rural revitalization policies and the proper use of related funds. This study evaluates the impact of GA on the performance of China’s rural revitalization initiative, focusing on the 2019 audit of rural revitalization. Using a double machine learning (DML) framework and panel data from 31 Chinese provinces (2016–2022), the study examines how GA affects rural revitalization outcomes. The findings show that: (1) GA significantly enhances the effectiveness of rural revitalization policies. After the audit implementation, rural revitalization indicators improved by an average of 0.4074 index points. This result is statistically significant at the 1% level. (2) GA improves the implementation process by reducing relative poverty, correcting inflated employment figures, and promoting the development of green finance. (3) The impact of GA varies across provinces, reflecting differences in financial supervision and marketization levels. The study also suggests measures to address the challenges identified in rural revitalization policy implementation. Future research should focus on improving the computational efficiency and scalability of machine learning algorithms for more refined policy simulations and evaluations. Additionally, an audit governance framework suitable for cross-country comparisons could be developed. This would help assess the adaptability of these mechanisms across different institutional contexts, particularly in developing countries with weak audit systems and significant rural governance challenges. © The Author(s) 2026. This article is distributed under the terms of the Creative Commons Attribution-NonCommercial 4.0 License (https://creativecommons.org/licenses/by-nc/4.0/) which permits non-commercial use, reproduction and distribution of the work without further permission provided the original work is attributed as specified on the SAGE and Open Access pages (https://us.sagepub.com/en-us/nam/open-access-at-sage).","double machine learning; government audit; green financial development; poverty reduction; rural development; rural revitalization","","Article","Final","All Open Access; Gold Open Access; Green Open Access","Scopus","2-s2.0-105030387016"
"Zhang Y.-D.; Li J.-J.; Zheng Y.-F.; Xu J.-X.","Zhang, Yue-Dong (58956200200); Li, Jing-Jing (59895427700); Zheng, Yi-Fang (57191887649); Xu, Jia-Xian (58957178100)","58956200200; 59895427700; 57191887649; 58957178100","Effect of agricultural socialisation services on green grain production efficiency: Evidence from Jiangsu Province, China","2025","Agricultural Economics (Czech Republic)","71","4","","173","184","5","10.17221/296/2023-AGRICECON","https://www.scopus.com/pages/publications/105005000862?origin=resultslist","In this study, we examine the effect of Agricultural Socialisation Services (ASS) on green grain production efficiency in Jiangsu Province, China, by using data from the China Land Economy Survey. We used the generalised random forests model in this research to address potential issues of farming household self-selection into ASS and unobserved heterogeneity in treatment effects. The results show that participation in ASS significantly improves green production efficiency, particularly for small-scale farmers. Efficiency gains are most pronounced in critical agronomic operations such as pest control, seeding and planting, whereas smaller efficiency effects are observed in plowing, harvesting and straw treatment. The findings suggest that targeted expansion of ASS could substantially enhance sustainable farming practices, especially for resource-constrained farms. This study provides important policy insights for promoting agricultural sustainability through improved access to and delivery of agricultural services, contributing to more efficient and ecofriendly grain production. © The authors.","generalised random forests; small-scale farmers; sustainable farming practises","","Article","Final","All Open Access; Gold Open Access; Green Open Access","Scopus","2-s2.0-105005000862"
"Zhou J.; Wang L.; Luo Z.","Zhou, Jie (58737397900); Wang, Lei (57184677900); Luo, Zidan (58339715900)","58737397900; 57184677900; 58339715900","Impact Assessment of Climate Change on Financial Market Resilience: Evidence From China","2026","Business Strategy and the Environment","","","","","","0","10.1002/bse.70816","https://www.scopus.com/pages/publications/105036802476?origin=resultslist","Climate change has emerged as a major threat to global financial stability, as increasingly frequent extreme weather events damage ecosystems and disrupt economic activity. In China, climate change exacerbates regional risks; affects agriculture, infrastructure, and local economies; and increases volatility in financial markets. This study employs double machine learning to explore how climate change affects China's financial market resilience. Findings reveal that climate change undermines China's financial market resilience for 1–3 years, notably within stock, bond, and foreign exchange markets. This study further reveals that climate change further weakens market resilience by reducing enterprise output, tightening credit, and increasing government regulatory costs. Moreover, our findings suggest that the development of green finance and digital finance acts as a crucial buffer against climate-related shocks and contributes to greater market stability. This study offers theoretical support for policymakers seeking to address climate risks and strengthen the resilience of financial markets. © 2026 ERP Environment and John Wiley & Sons Ltd.","climate change; digital finance; double machine learning; financial market resilience; green finance","","Article","Article in press","","Scopus","2-s2.0-105036802476"
"Sun Q.; Zheng T.; Zheng X.; Cao M.; Zhang B.; Jiang S.","Sun, Qiguo (57209170993); Zheng, Tianyuan (57189575807); Zheng, Xilai (55856761100); Cao, Min (58001832000); Zhang, Bo (59044267400); Jiang, Shiqiang (58001831900)","57209170993; 57189575807; 55856761100; 58001832000; 59044267400; 58001831900","Causal interpretation for groundwater exploitation strategy in a coastal aquifer","2023","Science of the Total Environment","867","","161443","","","11","10.1016/j.scitotenv.2023.161443","https://www.scopus.com/pages/publications/85146589237?origin=resultslist","Machine learning models (ML), as a collection of nonparametric or semiparametric estimation methods, can successfully encode the distribution of the problems into its trainable parameters based on observation data. However, the distributions of hydrological variables may change suddenly under complex environmental conditions, leading to biased estimates when using ML models. This work is the first attempt to solve this issue using structural causal models (SCM). Specifically, two SCM were constructed based on hydrological conditions and monitoring data. Then the Propensity Score estimator and the Double Machine Learning estimator were employed to estimate the causal effects of four treatments on the mean Cl− concentration (MCL) in the coastal aquifer. The results showed that pumping groundwater from area A1 or increasing the river level directly leads to a decrease in MCL, while pumping area A3 directly leads to an increase in MCL. Moreover, MCL can be effectively controlled by cooperative-treatment strategies. Finally, two practical exploitation strategies are derived. In the planting month, it should increase groundwater pumping from area A1, limit groundwater pumping from A2, and prohibit groundwater pumping from A3. For the normal month, it is proposed to increase the height of the rubber dam to raise the river level and reduce groundwater pumping from A1 and A2. © 2023 Elsevier B.V.","DoWhy; EconML; Groundwater exploitation strategy; Structural causal model","Aquifers; Groundwater resources; Pumps; ground water; Causal modeling; CL-concentrations; Coastal aquifers; Dowhy; Econml; Groundwater exploitation; Groundwater exploitation strategy; Groundwater pumping; River levels; Structural causal model; aquifer; concentration (composition); groundwater flow; groundwater resource; hydrological modeling; aquifer; Article; causal model; cross validation; evaporation; groundwater depletion; hydrology; irrigation (agriculture); machine learning; nonhuman; precipitation; temperature; Machine learning","Article","Final","","Scopus","2-s2.0-85146589237"
"Lu Y.; Zhuang J.; Chen J.; Yang C.; Kong M.","Lu, Yuchen (59524383400); Zhuang, Jiakun (58491196600); Chen, Jun (59524383500); Yang, Chenlu (59524383600); Kong, Mei (58491435100)","59524383400; 58491196600; 59524383500; 59524383600; 58491435100","The Impact of Farmland Transfer on Urban–Rural Integration: Causal Inference Based on Double Machine Learning","2025","Land","14","1","148","","","5","10.3390/land14010148","https://www.scopus.com/pages/publications/85215780184?origin=resultslist","Urban–rural fragmentation represents a significant challenge encountered by nations globally, particularly in both developing and developed contexts, during the modernisation process. This study examines the effects of rural land system reform on facilitating integrated development between urban and rural areas. The analysis of the impact of the 2010 liberalisation of the land transfer policy employs a dual machine learning model, utilising provincial-level data from China spanning 2005 to 2022, to address the limitations of traditional causal inference models while ensuring estimation accuracy. The findings indicate that the reform of the rural land system significantly enhances integrated urban–rural development, particularly in demographic, economic, and ecological dimensions. The mechanisms encompass the facilitation of extensive land and agricultural service operations, the development of new business entities, the migration of rural labour, and the enhancement of agricultural capital. Furthermore, notable disparities exist in the effects of reforms across various regions, particularly concerning urban–rural integration development and land transfer levels. The policy effects of land transfer exhibit a marginally diminishing trend. The influence of land transfer on urban–rural integration varies with economic development levels, demonstrating a nonlinear relationship, with the most pronounced effects observed in regions with moderate economic development. Additionally, the policy effects of land transfer differ based on geographic location. The impact of land transfer policies varies across geographic regions, with the central region exhibiting the most significant effect, followed by the north-eastern region, the western region, and the eastern region, which shows the least effect. This study provides a reference for advancing the reform of the marketisation of land factors, improving the efficiency of land resource allocation, and regionally and in multiple layers advancing the reform of the rural land system. © 2025 by the authors.","deepening of agricultural capital; integrated urban–rural development; large-scale agricultural operations; new types of agricultural business entities; reform of the rural land system; transfer of rural labour force","China; agricultural land; agroindustry; capital market; integrated approach; labor supply; land market; land reform; land use planning; machine learning; modernization; nonlinearity; policy implementation; resource allocation; rural development; rural policy; urban development","Article","Final","All Open Access; Gold Open Access; Green Open Access","Scopus","2-s2.0-85215780184"
"Liu A.-Z.; Yin G.-J.","Liu, An-Zhi (60813046300); Yin, Guo-Jun (60372916900)","60813046300; 60372916900","Impact of Green Finance on the Efficiency of Realising the Value of Agricultural Ecological Products: An Empirical Study Based on the Yangtze River Economic Belt; [绿色金融对农业生态产品价值实现的影响———基于长江经济带的实证研究]","2026","Resources and Environment in the Yangtze Basin","35","8","","2146","2157","0","10.11870/cjlyzyyhj202608018","https://www.scopus.com/pages/publications/105048737858?origin=resultslist","Addressing bottlenecks in realising the value of ecological products constitutes a core issue for green finance in serving the national strategy of ecological civilisation. Utilising the policy framework of green finance reform and innovation pilot zones as a quasi-natural experiment, this study employed multi-period difference-in-differences modelling to systematically examine the impact, operational mechanisms, conditional heterogeneity, and synergistic pathways of green finance policies on the efficiency of agricultural ecological product value realisation. Panel data from 110 cities along the Yangtze River Economic Belt spanning 2012-2023 were analysed. The findings revealed: (1) Green finance policies significantly enhanced the efficiency of agricultural ecological product value realisation, and this conclusion remained robust across a series of tests including PSM-DID, instrumental variables, and double machine learning; (2) Green finance policies enhanced efficiency through three pathways, including innovation factor supply, digital ecosystem restructuring, and green production transformation. Specifically, technology and finance synergistically drove value realisation, digital infrastructure and entrepreneurial empowerment optimising distribution environments, and pollution control alongside resource intensification. (3) Green finance policies yielded significant efficiency gains in the upper and middle reaches of the Yangtze River, with their promotional effects being more pronounced in key ecological functional zones and regions with substantial urban-rural income disparities. (4) Green finance policies exhibited a singular efficacy boundary, whereas the integration of digital finance and technology finance effectively transcended this limitation, forming a dual-track synergistic enhancement model with green finance where ‘1+1>2’. The study concluded that establishing a green finance system characterised by precision targeting, local adaptation, and multi-faceted coordination was pivotal to enhancing the efficiency of realising the value of agricultural ecological products. © 2026 Editorial office of Resources and Environment in the Yangtze Basin. All rights reserved.","efficiency of realising the value of agricultural ecological products; green finance; multi-period difference-in-differences model; technical efficiency","","Article","Final","","Scopus","2-s2.0-105048737858"
"Giulivi N.; Harou A.P.; Gautam S.; Guereña D.","Giulivi, Nicoletta (57956264200); Harou, Aurélie P. (55604900100); Gautam, Shriniwas (57193729528); Guereña, Davíd (55318811200)","57956264200; 55604900100; 57193729528; 55318811200","Getting the message out: Information and communication technologies and agricultural extension","2023","American Journal of Agricultural Economics","105","3","","1011","1045","34","10.1111/ajae.12348","https://www.scopus.com/pages/publications/85141343624?origin=resultslist","There has been much optimism about the potential of information and communication technologies (ICTs) to provide agricultural extension services to remote households. Yet, little is known about how different communication methods fare, and, moreover, whether different segments of the population adopt information communicated via different means equally. We conduct a randomized controlled trial comparing the effectiveness of three ICTs—radio, voice response messages, and a smartphone app—with traditional extension training in communicating fertilizer management practices across four districts in rural Nepal. We find that farmers in the smartphone app and the extension training programs are on average 8.4 and 13 percentage points more likely to adopt top dressing fertilizer practices compared to control farmers, statistically significant at the 1% and 5% levels, respectively. Farmers in the smartphone app treatment achieve the highest agronomic literacy test scores, 7.8 percentage points higher than the control, statistically significant at the 1% level. In contrast, farmers receiving radio or voice response messages were not more likely to adopt the same fertilizer recommendations nor show improved specific or general agronomic knowledge relative to control farmers. Our results suggest that smartphone apps are more cost effective at inducing farmer knowledge and technology adoption than extension trainings. Heterogeneous treatment effects, however, reveal that a targeted ICT approach may be more effective in disseminating extension advice. © 2022 Agricultural & Applied Economics Association.","Extension; Information Communication Technologies; Nepal; Trust","Nepal; agricultural extension; agricultural technology; farmers knowledge; fertilizer application; information and communication technology; rural area","Article","Final","All Open Access; Green Open Access","Scopus","2-s2.0-85141343624"
"Obi C.; Manyise T.; Dompreh E.B.; Murshed-e-Jahan K.; Rossignoli C.M.","Obi, Chinedu (57203917758); Manyise, Timothy (57215192935); Dompreh, Eric Brako (57208473614); Murshed-e-Jahan, Khondker (24484841100); Rossignoli, Cristiano M. (56073304300)","57203917758; 57215192935; 57208473614; 24484841100; 56073304300","The impact of extension delivery through private local service providers on production outcomes of small-scale aquaculture farmers in Bangladesh","2025","Journal of Agricultural Education and Extension","31","2","","215","233","12","10.1080/1389224X.2024.2371292","https://www.scopus.com/pages/publications/105001795250?origin=resultslist","Purpose: This study delves into the effectiveness of local service providers (LSP) in improving production outcomes of small-scale aquaculture farmers in Bangladesh. Design/methodology/approach: To gauge the effectiveness of LSPs, the research employs a performance-based assessment approach, focusing on 1653 fish farming households distributed across four different participation levels. Essentially, it compared quantifiable variables like the number of species cultured, productivity, proportion of fish sold and revenue metrics of the LSP-trained farmers against a control group that has not received training from LSPs. Data analysis was conducted with Multivalued Treatment Effects (MTE) estimated using an augmented inverse-probability weighting method that allows for heterogeneous treatment effects. Findings: Findings revealed that farmers who received the LSP extension training exhibited a significant increase in all outcomes compared to their counterparts. The LSP extension participating farmers are more likely to adopt better management practices like improved feeding routines, dike constructions, pond cleanliness, and fish growth monitoring. Practical implications: LSP extension model with enhanced capacity can be a catalyst for improved production of small-scale aquaculture farmers. Theoretical implications: This study contributes to a research agenda related to the efficiency of emerging pluralistic extension service systems that favors decentralization, privatization, and outsourcing of extension service, and their capability to enhance the production outcomes of small-scale farmers. Originality/value: This study addresses an important research gap in the agricultural extension literature, which is the value-for-money of Local Service Providers, and their capability to enhance the production outcomes of small-scale farmers. © 2024 The Author(s). Published by Informa UK Limited, trading as Taylor & Francis Group.","Bangladesh; Extension delivery; local service providers; productivity; small-scale aquaculture","","Article","Final","All Open Access; Green Open Access; Hybrid Gold Open Access","Scopus","2-s2.0-105001795250"
"Ling S.; Xin S.","Ling, Shi (60630082500); Xin, Shen (60629402700)","60630082500; 60629402700","Temperature effects on mariculture output in China: Evidence from causal forest analysis","2026","Israeli Journal of Aquaculture - Bamidgeh","78","2","","202","211","0","10.46989/001c.161746","https://www.scopus.com/pages/publications/105038625640?origin=resultslist","Amidst global climate warming, investigating the impact of temperature variations on mariculture output is of critical importance for safeguarding national food security and advancing the high-quality development of marine fisheries. Drawing on panel data from 10 coastal provinces in China spanning 2010 to 2023, this study employs a causal forest model to analyze the causal effect of sea surface temperature (SST) rise on mariculture output, comprehensively controlling for covariates including capital, labor, technology, and marine environmental factors. The results indicate that rising SST exerts a significant negative impact on mariculture output. Mechanistically, temperature shocks exhibit nonlinear characteristics, with the marginal inhibitory effect on output varying as temperatures escalate. Heterogeneity analysis, conducted by evaluating the conditional average treatment effect (CATE) across diverse regional characteristics, reveals that the adverse impacts of temperature rise differ significantly under varying environmental conditions. Based on these findings, this paper proposes policy recommendations, including the construction of a differentiated, climate-adaptive fishery management system and the promotion of high-temperature-tolerant mariculture models. © 2026, Saabron Press LLC. All rights reserved.","Causal Forest; Machine Learning; Mariculture; Temperature Rise","China; climate; food security; machine learning; mariculture; panel data; sea surface temperature; temperature effect","Article","Final","All Open Access; Hybrid Gold Open Access","Scopus","2-s2.0-105038625640"
"Palm-Forster L.H.; Messer K.D.","Palm-Forster, Leah H. (57191988984); Messer, Kent D. (10042680100)","57191988984; 10042680100","Experimental and behavioral economics to inform agri-environmental programs and policies","2021","Handbook of Agricultural Economics","5","","","4331","4406","46","10.1016/bs.hesagr.2021.10.006","https://www.scopus.com/pages/publications/85120310148?origin=resultslist","Agricultural and applied economists have begun routinely using behavioral and experimental economics tools to answer important questions about agri-environmental policies and programs. These tools offer valuable insights into decision-making that can advance our economic understanding of human behavior and inform evidence-based policies. However, conducting robust economic experiments on agri-environmental topics presents unique challenges that can make implementation of these studies difficult and limit the applicability of results. This chapter provides a practical guide for researchers regarding best practices for applying experimental and behavioral economics to agri-environmental research focused on producer decision-making. We begin with a brief overview of how insights from behavioral economics have contributed to related literatures over past decades and highlight how economic experiments have been used to answer important research questions in those domains. We describe the types of economic experiments used to answer policy-relevant questions and carefully consider the advantages and limitations of each method in various contexts. We also highlight important trade-offs between control, context, and representativeness to consider when determining the most appropriate type of experiment to conduct. The chapter emphasizes five contemporary issues related to conducting robust experimental economics studies: replicability, statistical power, publication bias, farmer and rural landowner recruitment, and detection of heterogeneous treatment effects. To assist researchers in addressing each issue, we outline best practices and we offer recommendations for researchers, editors, reviewers, and funders. We also discuss research ethics and community engagement. Finally, we present a framework for prioritizing future economics research that can inform agri-environmental programs and policies. © 2021 Elsevier B.V.","Agri-environmental; Behavioral economics; Conservation; Experimental economics; Farmer recruitment; Lab-in-the-field; Nudges; Power analysis; Replicability; Research ethics","","Book chapter","Final","","Scopus","2-s2.0-85120310148"
"Xu B.; Yi C.; Lin K.","Xu, Bo (59413718700); Yi, Chuanjian (60075848600); Lin, Kejun (57376110000)","59413718700; 60075848600; 57376110000","Research on the new urbanization's impact mechanism on agricultural economic resilience: a quasi-natural experiment via double machine learning and spatial diff-in-diff approaches","2026","Frontiers in Sustainable Food Systems","10","","1724896","","","0","10.3389/fsufs.2026.1724896","https://www.scopus.com/pages/publications/105042230595?origin=resultslist","Objective – China's urbanization strategies are pivotal in its modernization, and the agricultural economy is fundamental to the nation's economic vitality. Evaluating the effects of these urbanization policies on the robustness of the agricultural economy is of significant practical relevance. Methods – This study employs the national pilot programs for new urbanization as a natural experiment setting, assessing the resilience of the agricultural economy in 283 Chinese cities from 2004 to 2022 using the entropy method. It further applies double machine learning and spatial Durbin difference-in-differences models to explore the dynamic impacts, underlying mechanisms, heterogeneity, and spatial spillovers of new urbanization on the agricultural economy's resilience (AER). Results – The research uncovers that new urbanization efforts positively affect the resilience of the agricultural economy, with more notable effects in cities with larger populations and higher economic development. It highlights that the enhancement of the agricultural economy's resilience is largely due to the improvement of the industrial structure, the increase in agricultural technology, and the accumulation of agricultural human capital. The study also finds that new urbanization policies (NUP) have a substantial spatial spillover effect on agricultural economic resilience, with all policy effects-direct, indirect, and total-being significantly positive, suggesting a boost to the resilience of the agricultural economy in both local and adjacent areas. Conclusion – The findings lead to policy suggestions for promoting new urbanization and bolstering the resilience of the agricultural economy. This research adds to the empirical evidence on fostering sustainable development in the agricultural economy and offers theoretical and practical guidance for urban development and the strengthening of regional agricultural economic resilience. Copyright © 2026 Xu, Yi and Lin.","agricultural economic resilience; double machine learning; mechanism examination; new urbanization; spatial difference-in-differences durbin","","Article","Final","All Open Access; Gold Open Access","Scopus","2-s2.0-105042230595"
"Wang Y.; Zhang M.; Sheng J.","Wang, Yanhong (60372165500); Zhang, Mingyue (59086712400); Sheng, Junqing (60347399600)","60372165500; 59086712400; 60347399600","Identification of new quality productivity levels in agricultural digital transformation using causal inference from confounded data","2026","International Journal of Information and Communication Technology","27","96","","20","43","0","10.1504/IJICT.2026.10080615","https://www.scopus.com/pages/publications/105051913485?origin=resultslist","In the process of agricultural digital transformation, field sensor and remote sensing data are often mixed with interfering factors such as soil heterogeneity and management differences, disconnecting the causal chain between digital investment and new quality productivity. This paper proposes a dual causal inference framework, the digital transformation driven new quality productive forces analysis framework, integrating propensity score weighting and double machine learning to isolate the net effect of digitalisation from mixed data. Experiments on two public datasets with over 67,000 samples show that adopting digitalisation increases the new quality productivity index by 21.6 (95% confidence interval 17.8 - 25.4 ). The framework improves causal entropy from 0.42 to 0.67 and reduces neighbourhood confounding degree from 0.31 to 0.13, indicating a residual confounding reduction of approximately 40 - 58. This method fills the causal attribution gap and provides a quantifiable path for distinguishing correlation from causation. Copyright © The Author(s) 2026. Published by Inderscience Publishers Ltd. This is an Open Access Article distributed under the CC BY license. (http://creativecommons.org/licenses/by/4.0/)","causal inference; digital agriculture; DML; double machine learning; new quality productive forces","Agricultural machinery; Agriculture; Data quality; Information management; Investments; Learning systems; Machine learning; Metadata; Quality control; AS-soils; Causal inferences; Digital agriculture; Digital transformation; DML; Double machine learning; Field sensors; Machine-learning; New quality productive force; Remote sensing data; Remote sensing","Article","Final","All Open Access; Hybrid Gold Open Access","Scopus","2-s2.0-105051913485"
"Deng L.; Wan P.; Ye F.; Zhao J.","Deng, Lei (57188846318); Wan, Pengcheng (60170046100); Ye, Fangyu (60169844600); Zhao, Jingjie (57192166289)","57188846318; 60170046100; 60169844600; 57192166289","Impact of agricultural subsidy on chemical fertilizer use: Empirical evidence of China’s Organic-Substitute-Chemical-Fertilizer policy based on double machine learning","2025","PLOS ONE","20","11 November","e0334751","","","5","10.1371/journal.pone.0334751","https://www.scopus.com/pages/publications/105020818865?origin=resultslist","The sustainable development of agriculture hinges on effective fertilizer management, and China’s experience with chemical fertilizer overuse highlights the challenges and opportunities in this domain. This study examines the impact of agricultural subsidy policy on chemical fertilizer use across 2319 counties from 2012 to 2022. By treating the “Action Plan for Organic-Substitute-Chemical-Fertilizer (OSCF) for Fruits, Vegetables and Tea” as a quasi-natural experiment, this study uses a Double Machine Learning model to analyze its effects on fertilizer use and the underlying mechanisms, considering technical and scale efficiency as mediating variables. The findings reveal that the OSCF policy has a significant negative effect on chemical fertilizer use, primarily by enhancing both technical and scale efficiency. This study further reveals regional heterogeneity in the policy’s effectiveness. The results imply that while the impact of the OSCF policy is generally beneficial, it is shaped by regional economic development, agricultural production structure and initial level of fertilizer use. This highlights the importance of tailored policy instruments to address regional disparities in agricultural practices and targeted strategies to maximize the OSCF policy’s impact on sustainable agricultural development. This study provides valuable insights for policymakers and farm managers to enhance the sustainability of agricultural practices. © 2025 Deng et al. This is an open access article distributed under the terms of the Creative Commons Attribution License, which permits unrestricted use, distribution, and reproduction in any medium, provided the original author and source are credited.","","Agriculture; China; Fertilizers; Humans; Machine Learning; Sustainable Development; Vegetables; fertilizer; organic fertilizer; fertilizer; agriculture; Article; environmental policy; good agricultural practice; health care; human; machine learning; nonhuman; policy; China; economics; growth, development and aging; procedures; sustainable development; vegetable","Article","Final","All Open Access; Gold Open Access; Green Open Access","Scopus","2-s2.0-105020818865"
"Li J.; Ding Y.; Jing M.; Dong X.; Zheng J.; Gu L.","Li, Jin (57759692300); Ding, Yongpeng (59299506800); Jing, Ming (59455652800); Dong, Xiangyu (58110507500); Zheng, Jiaxi (57733801300); Gu, Luoyu (59490010100)","57759692300; 59299506800; 59455652800; 58110507500; 57733801300; 59490010100","Quantitative Change or Qualitative Change: The Impact of Whole-Region Comprehensive Land Consolidation on Cultivated Land Security—Based on Panel Data from Townships in Zhejiang Province","2024","Land","13","12","2158","","","4","10.3390/land13122158","https://www.scopus.com/pages/publications/85213271911?origin=resultslist","Land consolidation is a crucial strategy for optimizing land use structure and ensuring cultivated land security and food safety. Since 2019, Zhejiang Province has been piloting and exploring Whole-Region Comprehensive Land Consolidation (WRCLC). However, there remains an insufficient understanding of the feasibility of WRCLC in ensuring cultivated land security and its potential for synergy with other policies. This study utilizes panel data from 707 townships in Zhejiang Province spanning from 2013 to 2022. By categorizing cultivated land security into two dimensions—quantity and quality—this study employs a double machine learning approach to evaluate the impact of WRCLC policies on township cultivated land security. The results indicate that implementing WRCLC significantly enhances both the quantity and quality of cultivated land. A heterogeneity analysis reveals that WRCLC is particularly effective in improving the quality of cultivated land in non-major grain-producing areas and low economic development areas. Furthermore, examining policy synergies indicates that agricultural mechanization and agricultural industry integration policies work well in conjunction with WRCLC, thereby enhancing both the quantity and quality of cultivated land. However, the synergy with rural tourism policies improves cultivated land quality without effectively increasing cultivated land quantity. © 2024 by the authors.","cultivated land; double/debiased machine learning; policies synergy; whole-region comprehensive land consolidation","China; Zhejiang; agricultural land; land management; land use; machine learning; rural policy","Article","Final","All Open Access; Gold Open Access","Scopus","2-s2.0-85213271911"
"Domguia E.N.; Mouafo P.T.; Kountchou A.M.; Nkengfack H.; Nchinda C.M.","Domguia, Edmond Noubissi (57959212800); Mouafo, Paul Tadzong (59014215300); Kountchou, Armand Mboutchounag (57203685279); Nkengfack, Hilaire (57204543327); Nchinda, Cerapis Mbognou (59929487600)","57959212800; 59014215300; 57203685279; 57204543327; 59929487600","From ashes to opportunity? Reimagining job creation in a smoke-free Africa","2025","World Development Perspectives","39","","100715","","","0","10.1016/j.wdp.2025.100715","https://www.scopus.com/pages/publications/105012773771?origin=resultslist","This study uses data from 54 African countries over the period 1991 to 2020 to examine the impact of tobacco control policies (framework convention on tobacco consumption) on employment in agriculture, employment in industry and employment in services in Africa. Using Propensity score matching and difference-in-difference (DID) techniques alongside with quantile treatment effects and heterogenous treatment effects due to contextual disparities the results show that smoke-free policies have complex effects on employment in Africa. They can lead to job losses in the agricultural and manufacturing sectors, which employ a large proportion of workers. However, they can also create jobs in the health services sector, which is needed to treat tobacco-related diseases. The results of this study have important implications for African countries. To minimise the negative effects of smoke-free policies on employment, it is important to implement them in a targeted way. This can be done by targeting policies at the sectors most affected and by providing support programmes for workers who lose their jobs. Implementing these measures will enable African countries to make the most of their smoke-free policies by promoting public health while supporting the economy. © 2025 Elsevier Ltd","Employment; Heterogeneous treatment effects; Quantile treatment effects; Tobacco framework","","Article","Final","","Scopus","2-s2.0-105012773771"
"Zheng F.; Chen S.; Wang X.","Zheng, Fengtian (35797699200); Chen, Siyu (57211684178); Wang, Xizhao (59507201300)","35797699200; 57211684178; 59507201300","How the impact and mechanisms of digital financial inclusion on agricultural carbon emission intensity: new evidence from a double machine learning model","2025","Frontiers in Environmental Science","13","","1549623","","","8","10.3389/fenvs.2025.1549623","https://www.scopus.com/pages/publications/105004765391?origin=resultslist","The advancement of the digital economy is vital for decreasing agricultural carbon emissions and fostering high-quality agricultural development. Using panel data from 31 Chinese provinces between 2000 and 2021, this paper employs a dual machine learning model for causal inference to analyze the impact of digital financial inclusion on agricultural carbon emissions intensity, its underlying mechanisms, and the characteristics of heterogeneity. The study finds that digital inclusive finance significantly reduces agricultural carbon intensity through two main channels: enhancing scientific and technological innovation and narrowing the urban-rural income gap. Additionally, the expansion of arable land management and the acceleration of economic structural transformation positively moderate these effects. These conclusions remain robust after a series of robustness tests. Further combining factors such as resource endowment, geographic location, economic concentration, and food production areas in the heterogeneity test, the study found that regional differences significantly influence the effect of financial inclusion on agricultural carbon intensity. Therefore, it is essential to enhance the development of inclusive finance, break down regional barriers to promote synergistic development, actively support economic transformation and large-scale operations, strengthen scientific and technological innovation, and narrow the urban-rural income gap to support China’s agricultural green transformation. Copyright © 2025 Zheng, Chen and Wang.","carbon emission intensity (CEI); digital financial inclusion; double machine learning (DML); green transformation; impact mechanisms","","Article","Final","All Open Access; Gold Open Access; Green Open Access","Scopus","2-s2.0-105004765391"
"Chang Y.-C.; Luh Y.-H.; Hsieh M.-F.","Chang, Yun-Cih (57221688545); Luh, Yir-Hueih (6602154422); Hsieh, Ming-Feng (57686807900)","57221688545; 6602154422; 57686807900","Economic effects of sustainable agri-food production in Taiwan: Does spatial agglomeration make a difference?","2023","British Food Journal","125","12","","4249","4267","10","10.1108/BFJ-10-2022-0879","https://www.scopus.com/pages/publications/85160808707?origin=resultslist","Purpose: This study investigates the economic outcomes of organic farming controlling for the four major aspects of a cropping system, including climate, genotypes, management and soil. Considering possible variations in treatment responses, this study also presents empirical evidence of heterogeneous treatment effects associated with spatial agglomeration or farm covariates. Design/methodology/approach: Rice farm households data taken from the 2015 Agriculture Census is merged with township-level seasonal weather data, crop suitability index and average income per capita in Taiwan. To address the selection bias problem, the authors apply the Probit-2SLS instrumental variable (IV) method in the binary treatment model under homogeneous and heterogeneous assumptions. Findings: It is found that organic farming leads to a significantly positive effect on rice farms' economic performances in terms of cost reduction and profit growth. This positive treatment effect is more sizable with spatial agglomeration. Furthermore, the treatment effect of organic farming is found to vary with the farm characteristics such as farmland area and the number of hired workers. Practical implications: Two important implications for the promotion of sustainable agri-food production are inferred: (1) establishing organic agriculture specialized zones may benefit rural development; (2) providing economic incentives to small farms to expand their scale may be a more effective policy means to promote sustainable agri-food production. Originality/value: The findings in this study complement the body of knowledge by drawing insights from the agriculture census data and providing profound evidence of the heterogeneous outcomes of organic farming due to spatial clustering and farm covariates. © 2023, Emerald Publishing Limited.","Green production; Heterogeneous effects; Hotspots; Sustainable development; Treatment effects","agricultural land; agriculture; article; climate; crop; cropping system; drawing; economic incentive; food industry; genotype; household; human; human experiment; instrumental variable analysis; nonhuman; organic farming; profit; rice; rural development; selection bias; soil; sustainable development; Taiwan; treatment response; weather; worker","Article","Final","","Scopus","2-s2.0-85160808707"
"Esposti R.","Esposti, Roberto (6602726796)","6602726796","Non-monetary motivations of the EU agri-environmental policy adoption. A causal forest approach","2024","Journal of Environmental Management","352","","119992","","","13","10.1016/j.jenvman.2023.119992","https://www.scopus.com/pages/publications/85182420692?origin=resultslist","This paper investigates the non-monetary motivations of farmers' adoption of agri-environmental policies. Unlike the monetary (income) motivations, non-monetary drivers can not be directly observed but can be identified from observational data within appropriate quasi-experimental designs. A theoretical justification of farmers' choices is first formulated and a consequent natural experiment setting is derived. The latter admits heterogeneous, i.e. Individual, Treatment Effects (ITE) that, in turn, can be interpreted in terms of more targeted and tailored policy expenditure. A Causal Forest (CF) approach is adopted to estimate these ITEs for both the treated and not treated units. The approach is applied to two balanced panel samples of Italian Farm Accountancy Data Network (FADN) farms observed over the 2008–2018 period and concerns agri-environmental policies delivered through the Common Agricultural Policy (CAP). Results show how heterogeneous the farmers’ response and the associated non-monetary motivations can be, thus indicating room for a more efficient policy design. © 2023 The Author","Agri-environmental policy; Behavioural motivations; Causal forests; Common agricultural policy; Individual treatment effects","Agriculture; Environmental Policy; Farmers; Farms; Forests; Motivation; Environmental protection; Agri-environmental policies; Behavioral motivation; Causal forest; Common agricultural policy; Data network; Individual treatment effect; Natural experiment; Observational data; Policy adoption; Treatment effects; agri-environmental policy; Common Agricultural Policy; data set; farmers attitude; adult; agricultural land; agricultural worker; article; environmental policy; European Union; experimental design; forest; human; male; motivation; therapy effect; agriculture; forest; procedures; Motivation","Article","Final","All Open Access; Green Open Access; Hybrid Gold Open Access","Scopus","2-s2.0-85182420692"
"Deines J.M.; Wang S.; Lobell D.B.","Deines, Jillian M (54782254200); Wang, Sherrie (57205522425); Lobell, David B (6603095001)","54782254200; 57205522425; 6603095001","Satellites reveal a small positive yield effect from conservation tillage across the US Corn Belt","2019","Environmental Research Letters","14","12","124038","","","84","10.1088/1748-9326/ab503b","https://www.scopus.com/pages/publications/85081920312?origin=resultslist","Conservation tillage is a primary tenet of conservation agriculture aimed at restoring and maintaining soil health for long-term crop productivity. Because soil degradation typically operates on century timescales, farmer adoption is influenced by near-term yield impacts and profitability. Although numerous localized field trials have examined the yield impacts of conservation tillage, their results are mixed and often unrepresentative of real-world conditions. Here, we applied a machine-learning causal inference approach to satellite-derived datasets of tillage practices and crop yields spanning the US Corn Belt from 2005 to 2017 to assess on-the-ground yield impacts at field-level resolution across thousands of fields. We found an average 3.3% and 0.74% yield increase for maize and soybeans, respectively, for fields with long-term conservation tillage. This effect was diminished in fields that only recently converted to conservation tillage. We also found significant variability in these effects, and we identified soil and weather characteristics that mediate the direction and magnitude of yield responses. This work supports soil conservation practices by demonstrating they can be used with minimal and typically positive yield impacts. © 2019 The Author(s). Published by IOP Publishing Ltd.","Causal forests; Causal inference; Conservation agriculture; Crop yields; Landsat; Tillage; Us corn belt","Corn Belt; United States; Glycine max; Zea mays; Crops; Small satellites; Soils; Causal forests; Causal inferences; Conservation agricultures; Crop yield; LANDSAT; Tillage; conservation tillage; crop yield; Landsat; maize; satellite data; soil conservation; soil degradation; soybean; Soil conservation","Article","Final","All Open Access; Gold Open Access","Scopus","2-s2.0-85081920312"
"Zuo X.; Li H.; Wang C.; Cao A.; Wen H.","Zuo, Xingyi (60334658600); Li, Houjian (57196035227); Wang, Cheng (60334228400); Cao, Andi (57225149114); Wen, Haoyu (60334940600)","60334658600; 57196035227; 60334228400; 57225149114; 60334940600","Path to reducing pesticide input: Is agricultural production outsourcing effective?","2026","Ecological Economics","246","","109002","","","3","10.1016/j.ecolecon.2026.109002","https://www.scopus.com/pages/publications/105034681507?origin=resultslist","Excessive pesticide application in intensive agricultural systems poses serious environmental and health risks, yet the pathway to reducing pesticide input while maintaining crop yields remains debated. Existing approaches focus predominantly on the application stage itself, through technological substitution or regulatory mandates, with limited attention to upstream production processes. This study investigates whether agricultural production outsourcing contributes to the reduction of pesticide input in wheat production in China through a systemic prevention pathway. Using panel data from the China Land Economic Survey (CLES, 2020–2022) and employing a comprehensive identification strategy that combines propensity score matching, two-stage least squares, and double machine learning, we find that agricultural production outsourcing significantly reduces wheat pesticide expenditure by 41–57 yuan per mu (approximately 35 to 40%). This effect is mainly concentrated in upstream and midstream operations that influence baseline pest pressure rather than the spraying process itself, confirming that outsourcing suppresses chemical demand at source before any application decision is made. The pesticide-reducing effect is significantly larger for wheat than for rice, reflecting differences in mechanization compatibility, pest ecology, and the maturity of the service market. Mechanism analysis identifies three channels: improved mechanization levels, economies of scale arising from land concentration, and increased commercialization rates. These findings suggest that organizational innovation in the agricultural service market provides an incentive-compatible pathway for smallholder systems to achieve a balance between productivity and environmental sustainability, complementing existing regulatory and technological approaches to pesticide governance. © 2026 Elsevier B.V. All rights are reserved, including those for text and data mining, AI training, and similar technologies.","Agricultural Production Outsourcing; Double Machine Learning; Inference of Cause and Effect; Pesticide Reduction; Sustainable Intensification","China; agricultural intensification; agricultural market; agricultural production; commercialization; machine learning; outsourcing; pesticide; pesticide application; smallholder; wheat","Article","Final","","Scopus","2-s2.0-105034681507"
"Baiardi A.; Naghi A.A.","Baiardi, Anna (57222076816); Naghi, Andrea A. (57222059830)","57222076816; 57222059830","The effect of plough agriculture on gender roles: A machine learning approach","2024","Journal of Applied Econometrics","39","7","","1396","1402","6","10.1002/jae.3083","https://www.scopus.com/pages/publications/85197786721?origin=resultslist","This paper undertakes a replication in a wide sense of a recent study that examines the relationship between historical plough agriculture and current gender roles. We revisit the main research question with recently developed causal machine learning methods, which allow researchers to model the relationship of covariates with the treatment and the outcomes in a more flexible way, while also including interactions and nonlinearities that were not considered in the original analysis. Our results suggest an even larger negative effect of the historical plough adoption on female labor force participation than what the original analysis found. The paper highlights the benefits of using causal machine learning methods in applied empirical economics. © 2024 The Author(s). Journal of Applied Econometrics published by John Wiley & Sons, Ltd.","average treatment effects; causal inference; double machine learning; machine learning","","Article","Final","All Open Access; Green Open Access; Hybrid Gold Open Access","Scopus","2-s2.0-85197786721"
"Cao A.; Zuo X.; Wen H.; Li H.","Cao, Andi (57225149114); Zuo, Xingyi (60334658600); Wen, Haoyu (60334940600); Li, Houjian (57196035227)","57225149114; 60334658600; 60334940600; 57196035227","Facilitating the Green Transition of Smallholders: The Role of Enterprise-Led Contract Farming in China’s Rice Sector","2026","Agriculture (Switzerland)","16","9","962","","","0","10.3390/agriculture16090962","https://www.scopus.com/pages/publications/105038392023?origin=resultslist","As China advances high-quality agricultural development, promoting green production among farmers has become an important policy priority. Using survey data from 1787 rice farmers in seven major rice-producing provinces in southern China, this study examines whether enterprise-led contract farming can promote farmers’ green production behavior. Green production behavior is measured by a composite index based on six practices, including green control technology, soil testing and formulated fertilization, organic fertilizer substitution, water-saving irrigation, agricultural film recycling, and straw return. Empirical analysis results show that enterprise-led contract farming can significantly promote farmers’ green production behavior. Further analysis suggests that food safety certification, planting technology training, and lower perceived price volatility are important pathways through which contract farming is linked to green production practices. The promoting effect is weaker among older farmers, stronger for farmers cultivating land with medium soil fertility, and more pronounced among small-scale rice farmers. These findings highlight the role of enterprise-led contract farming in promoting farmers’ green production and offer policy implications for encouraging wider participation in green production practices. © 2026 by the authors.","contract farming; double machine learning; entropy balancing method; green production behavior; mechanism analysis","China; agricultural development; agricultural policy; agricultural production; contract farming; fertilizer application; food safety; machine learning; rice; smallholder","Article","Final","All Open Access; Gold Open Access; Green Open Access","Scopus","2-s2.0-105038392023"
"Luo Z.; Ma J.; Tang Y.","Luo, Zhongxiu (60779486900); Ma, Jiali (57218855429); Tang, Yuanxiu (58862253700)","60779486900; 57218855429; 58862253700","Rural Vitalization and Farmers’ Subjective Well-being in Guizhou Province: Evidence from Field Surveys; [贵州省乡村振兴对农户幸福感的影响研究——基于贵州农户实地调查]","2026","Journal of Resources and Ecology","17","4","","1170","1181","0","10.5814/j.issn.1674-764x.2026.04.017","https://www.scopus.com/pages/publications/105046759132?origin=resultslist","Rural revitalization as a core strategy for agricultural and rural modernization in the new era: Enhancing farmer well-being and advancing common prosperity. Based on survey data from 647 rural households in Guizhou Province, this study employs a double machine learning model and fuzzy-set qualitative comparative analysis to systematically examine the impact of rural revitalization on the subjective well-being of residents. The findings reveal that rural revitalization in Guizhou significantly improves the happiness of farmers. Among the five dimensions, ecological livability, effective governance, and prosperous living exert strong positive effects, whereas the direct impacts of cultural vibrancy and industrial prosperity are not statistically significant. Heterogeneity analysis shows that policy effects are more pronounced in demonstration villages than in non-demonstration villages, with stronger impacts among male respondents and those with higher levels of education. Configuration analysis identifies two distinct pathways: an all-factor-driven model that requires coordinated progress across all five dimensions, and a compensation-driven model in which shortcomings in industrial and cultural development are offset by ecological governance and livelihood security. Accordingly, this study recommends expanding successful demonstration models, refining gender-and education-sensitive policy strategies, and establishing an ecology-governance-livelihood coordination mechanism to enhance the effectiveness of rural revitalization. © 2026, Editorial office of Journal of Resources and Ecology. All rights reserved.","double machine learning; fuzzy-set qualitative comparative analysis; rural revitalization; subjective well-being","China; Guizhou; comparative study; economic development; field survey; fuzzy mathematics; governance approach; livelihood; machine learning; modernization; qualitative analysis; rural area; rural economy; rural planning; strategic approach","Article","Final","","Scopus","2-s2.0-105046759132"
"Sokol R.; Degli Esposti M.; Victor B.G.; Kernsmith P.; Medina Del Toro V.; Heinze J.; Portugal J.; Grinnell R.; Gernaat E.","Sokol, Rebeccah (56970660400); Degli Esposti, Michelle (57194707273); Victor, Bryan G. (57190580901); Kernsmith, Poco (8703994200); Medina Del Toro, Victor (59743773300); Heinze, Justin (26432001600); Portugal, Jorge (58988766000); Grinnell, Robin (60220889400); Gernaat, Eric (60220969200)","56970660400; 57194707273; 57190580901; 8703994200; 59743773300; 26432001600; 58988766000; 60220889400; 60220969200","A school-based material needs intervention for chronic absenteeism: a state-wide staggered interrupted time series analysis","2026","Journal of Epidemiology and Community Health","80","3","","174","180","2","10.1136/jech-2025-224567","https://www.scopus.com/pages/publications/105023572437?origin=resultslist","Background Chronically absent students miss learning opportunities at school, and as a result, may suffer academically and socially. Student absenteeism is rising across the USA, with 14%–30% of K-12 students being chronically absent (missing ≥10% of school days) each year. In 2012, Michigan started Pathways to Potential (P2P)—placing caseworkers in public schools to address the material needs of students that interfere with attendance. In this study, we evaluated the effect of P2P on chronic absenteeism in public schools across Michigan. Methods Our quasi-experimental study included 160 Michigan K-12 public schools that began implementing P2P between 2012 and 2016. We evaluated the effect of P2P on chronic absenteeism using administrative data for academic years 2008–2009 through 2018–2019. We used a staggered interrupted time series (ITS) analysis, first modelling a simple ITS for each school, and then pooling effect estimates using random effects meta-analysis. We estimated meta-regressions to investigate heterogeneous treatment effects. Results Results suggest P2P reduced chronic absenteeism rates by 7.88% (incidence rate ratio=0.92 (95% CI 0.88 to 0.96)), preventing 21 students from being chronically absent per school per year (95% CI 17.52 to 24.95). There was significant heterogeneity, with greater effects for schools that received a higher P2P dose, were in the eastern region of the state, had wealthier student bodies, and were less racially diverse. Conclusion This school-based intervention represents a feasible and effective programme for preventing chronic absenteeism. Further standardising the programme, while ensuring P2P can address diverse needs, may produce more consistent results across schools. © Author(s) (or their employer(s)) 2026. No commercial re-use. See rights and permissions. Published by BMJ Group.","ADOLESCENT; EDUCATION; FOOD INSECURITY; NEEDS ASSESSMENT; POVERTY","Absenteeism; Adolescent; Child; Female; Humans; Interrupted Time Series Analysis; Male; Michigan; School Health Services; Schools; Students; Michigan; United States; academic performance; adolescence; education; experimental study; food security; learning; poverty; student; time series analysis; Article; Black person; Caucasian; coach; disadvantaged population; epidemiology; high school; Hispanic; human; longitudinal study; Michigan; middle school; primary school; program effectiveness; quasi experimental study; racial diversity; rural area; school attendance; suburban area; treatment effect heterogeneity; urban area; absenteeism; adolescent; child; female; male; organization and management; school; school health service; student","Article","Final","","Scopus","2-s2.0-105023572437"
"Iatrou M.; Mourelatos S.; Karydas C.","Iatrou, Miltiadis (56074699100); Mourelatos, Spiros (6507746866); Karydas, Christos (26658368800)","56074699100; 6507746866; 26658368800","Comparing XGBoost and Double Machine Learning for Predicting the Nitrogen Requirement of Rice","2026","Remote Sensing","18","3","420","","","6","10.3390/rs18030420","https://www.scopus.com/pages/publications/105030066408?origin=resultslist","Highlights: What are the main findings? Double Machine Learning outperformed XGBoost in identifying heterogeneous nitrogen yield responses under real farm conditions. A hybrid decision support system combining DR-Learner and Causal Forest models was developed for site-specific nitrogen management. What are the implications of the main findings? Causal machine learning enables yield-oriented nitrogen recommendations by adjusting for confounding in observational field data. Integrating plant-status information with causal treatment effects improves the reliability of nitrogen response estimation. Estimating how crop yield responds to site-specific nitrogen (N) fertilization is essential for maximizing yield potential under variable field conditions. However, classical Machine Learning (ML) approaches applied to observational farm data primarily focus on yield prediction and often fail to recover causal N response due to confounding arising from non-random fertilizer application. In this study, we develop and evaluate a Causal Machine Learning (CML) framework to estimate heterogeneous N treatment effects under real commercial rice-farming conditions in the Axios River Plain, Greece. The proposed approach combines Double Machine Learning (DML) with remote sensing, soil, climatic, and management data to adjust for confounding and identify causal relationships between N inputs, Leaf Nitrogen Concentration (LNC), and yield. A doubly robust (DR) learner is used to estimate yield sensitivity to N at key agronomic thresholds, while a Causal Forest model leverages LNC to assess crop physiological N status. Results demonstrate that the CML-based framework outperforms conventional XGBoost predictive models in identifying field plots that are responsive to additional N. By integrating causal effect estimation with plant-status information, the proposed decision support system identifies zones where yield gains can be achieved through targeted N increases while avoiding overfertilization in non-responsive areas. © 2026 by the authors.","causal AI; double machine learning; precision agriculture; rice nitrogen fertilization; XGBoost; yield prediction","Agricultural machinery; Crops; Decision support systems; Forecasting; Forestry; Learning systems; Machine learning; Nitrogen; Nitrogen fertilizers; Physiological models; Plants (botany); Precision agriculture; Causal AI; Condition; Double machine learning; Forest modelling; Machine-learning; Nitrogen fertilization; Precision Agriculture; Rice nitrogen fertilization; Xgboost; Yield prediction; Remote sensing","Article","Final","All Open Access; Gold Open Access; Green Open Access","Scopus","2-s2.0-105030066408"
"Wang L.; Lyu J.; Zhang J.","Wang, Lulu (59376989500); Lyu, Jie (57219256206); Zhang, Junyan (58557671000)","59376989500; 57219256206; 58557671000","Explicating the Role of Agricultural Socialized Services on Chemical Fertilizer Use Reduction: Evidence from China Using a Double Machine Learning Model","2024","Agriculture (Switzerland)","14","12","2148","","","18","10.3390/agriculture14122148","https://www.scopus.com/pages/publications/85213248285?origin=resultslist","Reducing chemical usage, particularly chemical fertilizers, is a crucial measure for advancing sustainable agricultural development. This study utilized field survey data from 894 maize farmers across three northeastern provinces of China. A double machine learning modeling framework was established to empirically examine the impact and mechanism of agricultural socialized services on chemical fertilizer use of farm households. The model addresses numerous stringent constraints of conventional causal inference models and effectively mitigates the “curse of dimensionality” issue. Current research indicates that agricultural socialized services can substantially decrease chemical fertilizer use among farmers. Further investigation reveals that these services facilitate this reduction by enhancing the mechanization level, promoting the use of organic fertilizers, and providing a labor substitution effect. The region heterogeneity test indicates that the impact of agricultural socialized services is more pronounced in Liaoning and Heilongjiang provinces geographically. Regarding the heterogeneity analysis of food crop income levels, agricultural socialized services can decrease chemical fertilizer use among farmers more effectively with elevated food crop income levels. Consequently, the findings imply that the socialization of agricultural services has substantial potential to be an effective chemical fertilizer reduction strategy to support the agricultural green transition, which can be enhanced through promoting the degree of mechanization, organic fertilizer application, and labor division and specialization. © 2024 by the authors.","agricultural socialized services; chemical fertilizer reduction; double machine learning; mediating effect","","Article","Final","All Open Access; Gold Open Access; Green Open Access","Scopus","2-s2.0-85213248285"
"Wu X.; Chen X.; Ye S.; Wang H.","Wu, Xuexue (60015671500); Chen, Xiaoyu (59350400300); Ye, Shengchao (57223866689); Wang, Haohan (57193133613)","60015671500; 59350400300; 57223866689; 57193133613","Can green finance policies drive the low-carbon transition of agriculture? — evidence from spatial difference-in-differences and double machine learning in China","2026","Environment, Development and Sustainability","","","","","","0","10.1007/s10668-026-07581-1","https://www.scopus.com/pages/publications/105035706604?origin=resultslist","Under China’s “dual carbon” goals, guiding agriculture toward a low-carbon transition has become a vital path to sustainable development. Green finance, a key policy tool for channeling resources into environmentally friendly activities, has attracted growing attention for its potential to support low-carbon agricultural development. Using provincial data from 2010 to 2022, this study measures carbon emission intensity of agricultural (CEIA) in 30 provinces. Treating the Green Finance Reform and Innovation Pilot Zones (GFPZ) initiative as a quasi-natural experiment, this study employs a double machine learning (DML) approach to examine how green finance influences agricultural carbon intensity and to identify the underlying mechanisms behind these effects. The analysis also investigates possible spatial spillover effects across regions. The findings show that: (1) Establishing GFPZ significantly lowers CEIA, and the effect is persistent. (2) The policy operates mainly by promoting technological progress that enhances agricultural productivity and energy efficiency; facilitating farmland transfers that stabilize land-use rights, and encouraging larger-scale, more efficient farming practices. Together, these factors support agriculture’s low-carbon transition. (3) GFPZ curb CEIA both within the pilot regions and in neighboring areas. Therefore, green finance policies should be further strengthened to support agricultural development. Efforts should focus on optimizing agricultural structures, advancing innovations in carbon-reducing and energy-saving techniques, boosting energy performance, and encouraging larger-scale farming operations. At the same time, policies should consider regional differences and promote locally tailored strategies and cross-regional cooperation to jointly advance low-carbon, sustainable agricultural development. © The Author(s), under exclusive licence to Springer Nature B.V. 2026.","Carbon Emissions Intensity of Agricultural; Green Finance; Impact Mechanism; Spatial spillover effects","","Article","Article in press","","Scopus","2-s2.0-105035706604"
"Kluger D.M.; Owen A.B.; Lobell D.B.","Kluger, Dan M (57219604888); Owen, Art B (7202050285); Lobell, David B (6603095001)","57219604888; 7202050285; 6603095001","Combining randomized field experiments with observational satellite data to assess the benefits of crop rotations on yields","2022","Environmental Research Letters","17","4","044066","","","35","10.1088/1748-9326/ac6083","https://www.scopus.com/pages/publications/85128732204?origin=resultslist","With climate change threatening agricultural productivity and global food demand increasing, it is important to better understand which farm management practices will maximize crop yields in various climatic conditions. To assess the effectiveness of agricultural practices, researchers often turn to randomized field experiments, which are reliable for identifying causal effects but are often limited in scope and therefore lack external validity. Recently, researchers have also leveraged large observational datasets from satellites and other sources, which can lead to conclusions biased by confounding variables or systematic measurement errors. Because experimental and observational datasets have complementary strengths, in this paper we propose a method that uses a combination of experimental and observational data in the same analysis. As a case study, we focus on the causal effect of crop rotation on corn (maize) and soybean yields in the Midwestern United States. We find that, in terms of root mean squared error, our hybrid method performs 13% better than using experimental data alone and 26% better than using the observational data alone in the task of predicting the effect of rotation on corn yield at held-out experimental sites. Further, the causal estimates based on our method suggest that benefits of crop rotations on corn yield are lower in years and locations with high temperatures whereas the benefits of crop rotations on soybean yield are higher in years and locations with high temperatures. In particular, we estimated that the benefit of rotation on corn yields (and soybean yields) was 0.85 t ha-1 (0.24 t ha-1) on average for the top quintile of temperatures, 1.03 t ha-1 (0.21 t ha-1) on average for the whole dataset, and 1.19 t ha-1 (0.16 t ha-1) on average for the bottom quintile of temperatures. This association between temperatures and rotation benefits is consistent with the hypothesis that the benefit of the corn-soybean rotation on soybean yield is largely driven by pest pressure reductions while the benefit of the corn-soybean rotation on corn yields is largely driven by nitrogen availability.  © 2022 The Author(s). Published by IOP Publishing Ltd.","causal forest; causal inference; crop rotation; crop yields; data fusion; observational data; US Corn Belt","Corn Belt; United States; Climate change; Crops; Large dataset; Mean square error; Productivity; Rotation; Systematic errors; Causal forest; Causal inferences; Corn yields; Corn-soybean rotations; Crop rotation; Crop yield; Field experiment; Highest temperature; Observational data; US corn belt; agricultural production; climate change; crop rotation; crop yield; experimental study; satellite data; Data fusion","Article","Final","All Open Access; Gold Open Access; Green Open Access","Scopus","2-s2.0-85128732204"
"Nino G.","Nino, Gustavo (60418606600)","60418606600","Disruption in ground transportation: Natural disasters and disintegration of local food markets","2026","Food Policy","140","","103051","","","2","10.1016/j.foodpol.2026.103051","https://www.scopus.com/pages/publications/105031295190?origin=resultslist","Spatial integration between production regions and consumer markets is essential for price efficiency, yet even a single road blockage can break that link and push prices up overnight. Climate change is expected to bring more frequent natural disasters such as flash floods and landslides, turning these small but recurring blockages into a growing threat. Leveraging a novel dataset linking 230,000 weekly food price records, a routing algorithm that identifies the roads used in the supply chain network, and 1200 landslides in Colombia from 2013 to 2020, I use an instrumental variable strategy to isolate the causal effect of transport blockages on food price differentials at the national level. A typical closure diverts roughly 2%–3% of the total quantity supplied to the affected market and raises local wholesale prices by 0.5-0.9 % within one week. The diverted quantity also lowers prices in other markets by about 0.4 %. Heterogeneity estimates using the machine learning causal forest technique reveal that the strongest effects occur in markets located far from major supply corridors, where limited connectivity amplifies the impact of road closures. The variation in results is driven by the importance of the disrupted road within the transportation network and by differences in price elasticities across cities with distinct income levels and product specializations. Using the Causal Forest results, the article identifies regions where infrastructure improvements would most effectively reduce the impact of disruptions on price differentials. © 2026 The Author","Food markets; Market integration; Natural disasters; Transportation disruption","Colombia; consumption behavior; food market; landslide; natural disaster; price dynamics; transportation system","Article","Final","All Open Access; Hybrid Gold Open Access","Scopus","2-s2.0-105031295190"
"Li H.; Dinis F.; Wu L.","Li, Haixia (60418932400); Dinis, Faustino (57224634790); Wu, Lihao (60419246500)","60418932400; 57224634790; 60419246500","The Impact of China National Modern Agricultural Demonstration Zones on Green Total Factor Productivity in Grain Production","2026","Sustainability (Switzerland)","18","4","1956","","","0","10.3390/su18041956","https://www.scopus.com/pages/publications/105031221686?origin=resultslist","In this study, we construct a green total factor productivity (GTFP) index for grain production using a super-efficiency SBM model. Exploiting the quasi-natural experiment provided by the National Modern Agricultural Demonstration Zones (NMADZ) policy and employing county-level panel data from 309 Chinese counties over the period 2010–2022, we apply a double machine learning framework to examine the impact of NMADZ on grain GTFP and to explore the underlying transmission mechanisms. The results show that NMADZ significantly improves grain GTFP, and these findings remain robust after a series of tests. Technological innovation and institutional restructuring play crucial roles as mediating mechanisms in promoting grain GTFP. Heterogeneity analysis reveals that the enhancing effect of NMADZ is more pronounced for grain production in high-latitude regions, given its lower susceptibility to climate and disaster factors. For counties with a weak innovation foundation, adopting a strategy focused on acquiring patented technologies is more suitable in the short term. Furthermore, features of scale and intensification of production characterize the empowering effect of NMADZ. © 2026 by the authors.","double machine learning; green total factor productivity in grain production; modern agriculture; resource allocation; technological innovation","China; cereal; crop production; experimental study; innovation; machine learning; resource allocation; total factor productivity","Article","Final","All Open Access; Gold Open Access","Scopus","2-s2.0-105031221686"
"Zhou J.; Zhu P.; Kluger D.M.; Lobell D.B.; Jin Z.","Zhou, Junxiong (57219625237); Zhu, Peng (56683877500); Kluger, Dan M. (57219604888); Lobell, David B. (6603095001); Jin, Zhenong (55621949100)","57219625237; 56683877500; 57219604888; 6603095001; 55621949100","Changes in the Yield Effect of the Preceding Crop in the US Corn Belt Under a Warming Climate","2024","Global Change Biology","30","11","e17556","","","15","10.1111/gcb.17556","https://www.scopus.com/pages/publications/85208794796?origin=resultslist","Crop rotation has been widely used to enhance crop yields and mitigate adverse climate impacts. The existing research predominantly focuses on the impacts of crop rotation under growing season (GS) climates, neglecting the influences of non-GS (NGS) climates on agroecosystems. This oversight limits our understanding of the comprehensive climatic impacts on crop rotation and, consequently, our ability to devise effective adaptation strategies in response to climate warming. In this study, we examine the impacts of both GS and NGS climate conditions on the yield effect of the preceding crop in corn-soybean rotation systems from 1999 to 2018 in the US Midwest. Using causal forest analysis, we estimate that crop rotation increases corn and soybean yields by 0.96 and 0.22 t/ha on average, respectively. We then employ statistical models to indicate that increasing temperatures and rainfall in the NGS reduce corn rotation benefits, while warming GS enhances rotation benefits for soybeans. By 2051–2070, we project that warming climates will reduce corn rotation benefits by 6.74% under Shared Socioeconomic Pathway (SSP) 1-2.6 and 17.18% under SSP 5-8.5. For soybeans, warming climates are expected to increase rotation benefits by 8.36% under SSP 1-2.6 and 13.83% under SSP 5-8.5. Despite these diverse climate impacts on both crops, increasing crop rotation could still improve county-average yields, as neither corn nor soybean was fully rotated. If we project that all continuous corn and continuous soybeans are rotated by 2051–2070, county-average corn yields will increase by 0.265 t/ha under SSP 1-2.6 and 0.164 t/ha under SSP 5-8.5, while county-average soybean yields will gain 0.064 t/ha under SSP 1-2.6 and 0.076 t/ha under SSP 5-8.5. These findings highlight the effectiveness of crop rotation in the face of warming NGS and GS in the future and can help evaluate opportunities for adaptation. © 2024 The Author(s). Global Change Biology published by John Wiley & Sons Ltd.","adaptation; climate warming; crop rotation; crop yields; non-growing season","Agriculture; Climate Change; Crops, Agricultural; Global Warming; Glycine max; Midwestern United States; Seasons; United States; Zea mays; United States; adaptation; agricultural ecosystem; climate change; crop production; crop yield; seasonal variation; strategic approach; agriculture; climate change; crop; greenhouse effect; growth, development and aging; maize; procedures; season; soybean; United States","Article","Final","All Open Access; Hybrid Gold Open Access","Scopus","2-s2.0-85208794796"
"Mulungu K.; Abro Z.A.; Muriithi W.B.; Kassie M.; Kidoido M.; Sevgan S.; Mohamed S.; Tanga C.; Khamis F.","Mulungu, Kelvin (56582441000); Abro, Zewdu Ayalew (56069920700); Muriithi, Wambui Beatrice (58286293500); Kassie, Menale (23034845400); Kidoido, Miachael (44261213700); Sevgan, Subramanian (57094106700); Mohamed, Samira (7102845214); Tanga, Chrysantus (55535211200); Khamis, Fathiya (25630892800)","56582441000; 56069920700; 58286293500; 23034845400; 44261213700; 57094106700; 7102845214; 55535211200; 25630892800","One size does not fit all: Heterogeneous economic impact of integrated pest management practices for mango fruit flies in Kenya—a machine learning approach","2024","Journal of Agricultural Economics","75","1","","261","279","17","10.1111/1477-9552.12550","https://www.scopus.com/pages/publications/85160050970?origin=resultslist","Most previous studies evaluating agricultural technology adoption focus on estimating homogeneous average treatment effects across technology adopters. Understanding the heterogeneous effects and drivers of impact heterogeneity should enable interventions to be better targeted to maximise benefits. We apply machine learning using data from a randomised controlled trial to estimate the heterogeneous treatment effect of fruit fly IPM practices (i.e., parasitoids, orchard sanitation, use of food bait, biopesticides, male annihilation technique, and their combinations) in Central Kenya. Results suggest significant heterogeneity in the effect of IPM practices conditioned on household characteristics. The most important covariates explaining differences in treatment effects are wealth, distance to the mango fruit market, age of the household head, labour and experience in mango farming. Results further indicate that those with fewer mango trees benefit more from most IPM practices. Additional analysis across other covariates shows mixed results but generally suggests significant differences between households benefiting the most and those benefiting the least from IPM practices. © 2023 The Authors. Journal of Agricultural Economics published by John Wiley & Sons Ltd on behalf of Agricultural Economics Society.","causal forest; economic impact; IPM; Kenya; machine learning; mango","Kenya; economic impact; fly; fruit; integrated pest management; machine learning; management practice","Article","Final","All Open Access; Hybrid Gold Open Access","Scopus","2-s2.0-85160050970"
"Gautam S.; Rahut D.B.; Guzman D.B.; Dangol P.; Dilli Bahadur K.C.; Beshir A.; Choudhary D.","Gautam, Shriniwas (57193729528); Rahut, Dil Bahadur (56962787600); Guzman, Danice Brown (57203267902); Dangol, Prabin (59240019300); Dilli Bahadur, K.C. (57223411457); Beshir, AbduRahman (57195735679); Choudhary, Dyutiman (55191062000)","57193729528; 56962787600; 57203267902; 59240019300; 57223411457; 57195735679; 55191062000","Does subsidizing seed help farmers? Nepal's rice seed subsidies","2024","Development Policy Review","42","5","e12802","","","4","10.1111/dpr.12802","https://www.scopus.com/pages/publications/85199987269?origin=resultslist","Motivation: Improved seed adoption can increase yield, enhance food security, improve livelihoods, and reduce poverty. Although many governments in the global South use seed subsidies to achieve these outcomes, the success and efficiency of input subsidies is subject to debate. Most smallholders in Nepal lack information and finance to access improved technologies, including improved seeds. To address this, Nepal's universal seed subsidy programme (SSP) began in 2012. SSP offers participants up to 50% off the price of rice seed from improved varieties. Purpose: We evaluate the impact of SSP on farmer participants five years after its inception. Until now, the programme had not been evaluated. Approach and Methods: We compare rice-growing households receiving subsidized seeds (treatment group) with those that do not (control group). We match the two groups using propensity scoring. We compare rice yield per hectare for the two groups, looking at aggregate and heterogeneous treatment effects. Primary data come from a 2019 survey of 157 treated and 173 control farm households in the Terai lowlands. Findings: We find no evidence of SSP impact on rice yield in the aggregate. One potential explanation is that the programme tended to promote seed of a long-standing open-pollinated variety (OPV), rather than newer, higher-yielding OPVs and hybrids. Examination of heterogenous impacts, however, shows higher yields among treated households who were either on low incomes or remote from agro-dealers and agricultural extension offices. Policy implications: Given the lack of impact on yields of SSP, sustaining the programme in the same form is neither advisable nor justified. We suggest targeting households on low incomes and in remote areas; subsidizing only the more recent high-yielding varieties; and considering cost-effective approaches to administer the programme, such as seed vouchers. To improve last-mile seed delivery, SSP needs to engage more with private seed providers and be more transparent in its operations. Results from this study may have broader implications for other long-standing agricultural subsidies in Nepal and other developing countries with universal subsidy programmes. © 2024 The Author(s). Development Policy Review published by John Wiley & Sons Ltd on behalf of ODI.","agricultural subsidies; improved seeds; Nepal; propensity score matching; quasi-experimental method","Nepal; crop yield; food security; livelihood; poverty alleviation; smallholder; subsidy system","Article","Final","All Open Access; Hybrid Gold Open Access","Scopus","2-s2.0-85199987269"
"Wu X.; Liu W.; Luo Q.; Zhang H.; Gao M.","Wu, Xiaoxuan (59517442700); Liu, Wei (59052368100); Luo, Qingfeng (58664388500); Zhang, Heli (58502095500); Gao, Meiben (56967441200)","59517442700; 59052368100; 58664388500; 58502095500; 56967441200","New quality productive forces as a catalyst: moderating the impact of digital infrastructure on urban-rural income inequality in China","2026","China Agricultural Economic Review","","","","1","21","1","10.1108/CAER-05-2025-0208","https://www.scopus.com/pages/publications/105036075871?origin=resultslist","Purpose – Promoting sustainable economic development and preserving peace and security in the region depend on closing the disparity in urban and rural incomes. Digital infrastructure, unlike other types of infrastructure, is becoming a vital force that influences sustainable economic development. Design/methodology/approach – This study employs a double machine learning model and a mediation and moderation effects model to investigate the impact mechanisms of digital infrastructure on urban-rural income inequality, in which new quality productive forces can play a moderating role. Findings – The results shows that the construction of “Broadband China” demonstration cities contributed to an increase in urban income of about 8.3% and rural income by about 9.8%, narrowing the urban-rural income gap by about 0.04%. The increase in new quality productive forces reinforces the positive impact of Internet applications on income disparity. In addition, labor migration to non-farm employment is an essential way in which digital infrastructure acts on rural-urban inequality. It was further found that digital equipment leads to greater equality between urban and rural areas by facilitating labor transfer to non-agricultural industries. Originality/value – This study innovatively incorporates the differential impact of new quality productive forces on urban-rural income inequality, thereby advancing our understanding of their role in income distribution. It leverages the “Broadband China” pilot policy as a quasi-natural experiment to strengthen causal inference. Employing the double machine learning (DML) method enhances estimation accuracy and robustness beyond traditional approaches. Mechanism analysis further identifies that digital infrastructure promotes income equality by facilitating labor transfer to non-agricultural sectors, offering deeper theoretical and practical insights. © Emerald Publishing Limited","Digital infrastructure; Double machine learning; Moderating effects model; New quality productive forces; Urban-rural income inequality","","Article","Article in press","","Scopus","2-s2.0-105036075871"
"Cha J.; Deng Y.; Zhao K.; Li F.","Cha, Jianping (59132953400); Deng, Yashan (58887587200); Zhao, Kai (57114109900); Li, Feifei (59623953600)","59132953400; 58887587200; 57114109900; 59623953600","How Does the Development of the Digital Economy Enhance Farmers' Livelihood Resilience: The Roles of E-Commerce and Digital Finance","2026","Sustainable Development","34","2","","2342","2358","5","10.1002/sd.70462","https://www.scopus.com/pages/publications/105022128798?origin=resultslist","This study investigates the synergistic impact of e-commerce and digital finance (DF) on livelihood resilience among farmers in the upper and middle reaches of the Yellow River basin, China. Employing double machine learning, we find that the combined adoption of e-commerce and DF significantly enhances farmers' livelihood resilience, even after controlling for endogeneity using 2SLS and CMP methods. Our analysis reveals that this synergy promotes livelihood diversification, particularly through increased non-agricultural employment and land transfer-in. Importantly, we identify a generational divide, with “new generation” farmers—those who are both younger and possess higher levels of education—benefiting disproportionately from this synergy. These findings underscore the potential of digital technologies to enhance rural livelihoods and highlight the need for targeted policies that address the digital skills gap and promote equitable access to digital resources. This study contributes to the theoretical understanding of livelihood resilience in the digital age, particularly by providing a comprehensive measurement framework, and offers practical insights for policymakers seeking to promote sustainable rural development through integrated e-commerce and DF initiatives. © 2025 ERP Environment and John Wiley & Sons Ltd.","digital economy development; digital finance; double machine learning; e-commerce; livelihood resilience; synergistic effect","China; Yellow River Basin; electronic commerce; employment; livelihood; machine learning; rural development; sustainable development; theoretical study","Article","Final","All Open Access; Bronze Open Access","Scopus","2-s2.0-105022128798"
"Lei X.; Zhou L.; Hu W.","Lei, Xiao (59416218600); Zhou, Lin (59416103700); Hu, Wentao (59910286500)","59416218600; 59416103700; 59910286500","The impact of digital infrastructure construction on farmers’ income: empirical research based on Chinese data","2025","Applied Economics Letters","","","","","","2","10.1080/13504851.2025.2509280","https://www.scopus.com/pages/publications/105005854656?origin=resultslist","Taking the Broadband China policy as a quasi-natural experiment, this paper uses a double machine learning based on difference-in-differences approach to investigate the impact of digital infrastructure construction on farmers’ income based on the county-level panel data from 2010 to 2022 in China. The results show that digital infrastructure construction can significantly increase farmers’ income, and the effect is more pronounced in west regions and the Non-Major Grain Producing Areas. Mechanism analysis suggests that digital infrastructure construction increases farmers’ income by reducing agricultural costs in production process, expanding sales channels in circulation process and promoting the digital transformation of agriculture. © 2025 Informa UK Limited, trading as Taylor & Francis Group.","broadband China policy; Digital infrastructure construction; double machine learning; farmers’ income","","Article","Article in press","","Scopus","2-s2.0-105005854656"
"Verdier V.","Verdier, Valentin (56919464300)","56919464300","Average treatment effects for stayers with correlated random coefficient models of panel data","2020","Journal of Applied Econometrics","35","7","","917","939","5","10.1002/jae.2789","https://www.scopus.com/pages/publications/85087790612?origin=resultslist","Correlated random coefficient (CRC) models provide a useful framework for estimating average treatment effects (ATE) with panel data by accommodating heterogeneous treatment effects and flexible patterns of selection. In their simplest form, they lead to the well-known difference-in-differences estimator. CRC models yield estimates of ATE for “movers” (i.e., cross-sectional units whose treatment status changed over time) while ATE for “stayers” (i.e., cross-sectional units who retained the same treatment status over time) are not identified. We study additional restrictions on selection into treatment that lead to the identification of ATE for stayers by an extrapolation from quantities identified by the CRC model. We discuss estimation and testing of the extrapolation's validity, then use our results to estimate the returns to agricultural technology adoption among maize farmers in Kenya. © 2020 John Wiley & Sons, Ltd.","","","Article","Final","","Scopus","2-s2.0-85087790612"
"Imami D.; Xhoxhi O.; Babayan D.; Herzfeld T.; Rakhmetov R.","Imami, Drini (36548198500); Xhoxhi, Orjon (56367608400); Babayan, Davit (60170461400); Herzfeld, Thomas (23469105800); Rakhmetov, Rustam (59467159200)","36548198500; 56367608400; 60170461400; 23469105800; 59467159200","Treatment Effect Heterogeneity of Farmers Participating in Cooperatives","2026","Journal of Agricultural Economics","77","1","","94","106","2","10.1111/1477-9552.70009","https://www.scopus.com/pages/publications/105020924305?origin=resultslist","Despite the many studies providing evidence of the benefits of cooperatives, most small farms and farm households, particularly in transition economies, do not participate in them. This study analyses the effect of cooperative activity on farm performance using a large-scale farm survey conducted in Armenia. In addition, it addresses the issue of heterogeneity, which is often overlooked in the literature. It looks at heterogeneity in terms of observed effect modifiers, which are measured covariates that can modify the causal effect of cooperation on a specific farm performance indicator. This is the first study that pays special attention to heterogeneity and uses the causal forest approach in the context of cooperative membership to characterise the drivers of treatment heterogeneity (i.e., variation in the causal impact of cooperative membership across farmers with different observable characteristics). Participation in cooperatives is associated with greater perceived farm performance among farmers with limited access to market information and low financial literacy. Similarly, higher benefits are observed for less experienced and older farmers, suggesting that cooperatives play a particularly important role in supporting more vulnerable subgroups. © 2025 The Author(s). Journal of Agricultural Economics published by John Wiley & Sons Ltd on behalf of Agricultural Economics Society.","Armenia; causal forest; cooperative; dairy production; farm characteristics heterogeneity; impact assessment","Armenia [West Asia]; agricultural production; cooperative sector; dairy farming; economic impact; farmers knowledge; financial system; heterogeneity; literature review; performance assessment; transitional economy; vulnerability","Article","Final","All Open Access; Green Open Access; Hybrid Gold Open Access","Scopus","2-s2.0-105020924305"
"Gui J.; He Y.","Gui, Junlian (60558873200); He, Yun (60166868300)","60558873200; 60166868300","Digital Government Development and Agricultural ESG Performance: Evidence from Government WeChat Accounts in China","2026","Systems","14","9","1057","","","0","10.3390/systems14091057","https://www.scopus.com/pages/publications/105051772269?origin=resultslist","Amid the global push for sustainability, Environmental, Social, and Governance (ESG) criteria have become core benchmarks for corporate value. Simultaneously, government WeChat accounts have reshaped China’s regional information ecosystems. This paper systematically examines the impact of the launch of government WeChat accounts (LGWA) on agricultural enterprises’ ESG performance. Drawing on information asymmetry theory, we treat municipal-level LGWA as a quasi-natural experiment, employing an optimized double machine learning (DML) model. The study utilizes unbalanced panel data from 326 listed agricultural enterprises (2009–2024) and over five million WeChat messages. Results indicate LGWA significantly enhances ESG performance by alleviating government-enterprise, enterprise-public, and bank-enterprise information asymmetry. Executive political connections negatively moderate this effect. This enhancement is more pronounced for highly active accounts posting during work hours, particularly benefiting less-digitalized enterprises. This study provides a novel perspective on the micro-level governance effects of digital government, guiding sustainable policy formulation and encouraging corporate digital adoption. © 2026 by the authors.","agricultural enterprises; digital government; double machine learning model; ESG performance; government WeChat; information asymmetry","Agricultural machinery; Agriculture; Artificial intelligence; e-government; Learning systems; Public policy; Regional planning; Agricultural enterprise; Corporate values; Digital government; Double machine learning model; Environmental, social, and governance performance; Government wechat; Information asymmetry; Machine learning models; Performance; Regional information; Sustainable development","Article","Final","All Open Access; Gold Open Access","Scopus","2-s2.0-105051772269"
"Muchapondwa E.; Jaime M.; Shimeles A.; Jeuland M.","Muchapondwa, Edwin (26027571900); Jaime, Marcela (35751107500); Shimeles, Abebe (6505467641); Jeuland, Marc (16039523000)","26027571900; 35751107500; 6505467641; 16039523000","The challenge of sustainable electrification in Africa: Economic policy and research needs","2024","Encyclopedia of Energy, Natural Resource, and Environmental Economics","","","","Vol1:173","Vol1:188","1","10.1016/B978-0-323-91013-2.00027-7","https://www.scopus.com/pages/publications/105029322314?origin=resultslist","Access to electricity has been linked to economic growth through improved agricultural and firm productivity, public service delivery, enhanced household investment in human capital, and increased net income and general quality of life. Yet, as of 2024, more than 540 million people in Africa still lacked electricity, and many more suffered from unreliable power supply. The considerable untapped renewable energy potential in the region, and rapid recent reductions in cost, make sustainable and decentralized electricity service a promising option for transforming these deficits into opportunities. However, a key challenge is that knowledge on how to finance and implement new models of electrification remains limited, because the results from prior evaluation work are inconclusive and do not cover all relevant interventions or dimensions. Following a review of policy and research issues, we propose that five essential principles should guide future research in this domain: (i) use of mixed/multi methods that adequately cover the varied implications of electricity access and leverage learning in other disciplines, (ii) choice of econometric methods that provide more credible estimates of impacts, (iii) use and combinations of more informative treatment data, (iv) careful theorizing and consideration of the potential for heterogeneous treatment effects, and (v) more explicit accounting for differences in the nature of electrification interventions. We reference a simple illustrative application to show that the estimated impacts of electrification are sensitive to several of these aspects. A greater focus on impact evaluations that account for intervention and contextual nuances is needed to make economic research on sustainable electrification more informative and policy-relevant. © 2025 Elsevier Inc. All rights are reserved, including those for text and data mining, AI training, and similar technologies.","Africa; Climate change; Electrification; Gender; Impact evaluation; Multi-Tier framework","Agricultural economics; Economic analysis; Electric utilities; Investments; Renewable energy; Africa; Economic growths; Economic policies; Economic research; Gender; Impact evaluation; Multi-tier; Multi-tier framework; Public service deliveries; Research needs; Electrification","Book chapter","Final","","Scopus","2-s2.0-105029322314"
"Prifti E.; Daidone S.; Pace N.; Davis B.","Prifti, Ervin (57198448485); Daidone, Silvio (26435148100); Pace, Noemi (24177083100); Davis, Benjamin (35304462700)","57198448485; 26435148100; 24177083100; 35304462700","Heterogeneous impacts of cash transfers on farm profitability. Evidence from a randomised study in Lesotho","2020","European Review of Agricultural Economics","47","4","","1531","1558","9","10.1093/erae/jbz050","https://www.scopus.com/pages/publications/85095450234?origin=resultslist","We estimate the average treatment effect (ATE) of cash transfers on farm profitability by exploiting a randomised control trial for the evaluation Lesotho's biggest transfer program. We also explore impact heterogeneity by unpacking the ATE into group-specific parameters. We estimate conditional average treatment effects to describe how treatment effects vary with selected covariates and quantile treatment effects to illustrate the variability of effects at different outcome levels. We find that the program had sizable impacts on farm profitability, but these impacts are spread unevenly in the population. The program benefited more those with greater productive potential and had strong distributional impacts.  © 2020 Oxford University Press and Foundation for the European Review of Agricultural Economics.","Cash transfers; CATE; Heterogeneous treatment effects; QTE","Lesotho; agricultural production; farm size; heterogeneity; profitability","Article","Final","","Scopus","2-s2.0-85095450234"
"Verhofstadt E.; Maertens M.","Verhofstadt, Ellen (55863696400); Maertens, Miet (6602225515)","55863696400; 6602225515","Can agricultural cooperatives reduce poverty? Heterogeneous impact of cooperative membership on farmers' welfare in Rwanda","2015","Applied Economic Perspectives and Policy","37","1","","86","106","210","10.1093/aepp/ppu021","https://www.scopus.com/pages/publications/84931466522?origin=resultslist","We analyze the inclusiveness and effectiveness of agricultural cooperatives in Rwanda. We estimate mean income and poverty effects of cooperative membership using propensity score matching techniques. We analyze heterogeneous treatment effects across farmers by analyzing how estimated treatment effects vary over farm and farmer characteristics and over the estimated propensity score. We find that cooperative membership in general increases income and reduces poverty and that these effects are largest for larger farms and in more remote areas. We find evidence of a negative selection because impact is largest for farmers with the lowest propensity to be a cooperative member. © The Author 2014. Published by Oxford University Press on behalf of the Agricultural and Applied Economics Association. All rights reserved.","Agricultural cooperatives; Farm-households; Impact evaluation; Poverty; Rwanda","","Article","Final","","Scopus","2-s2.0-84931466522"
"Deng G.; Xiong Y.; Yu G.; Zhu N.","Deng, Guoquan (60745310200); Xiong, Yuanyuan (58923076200); Yu, Guoxin (57219531085); Zhu, Na (60745310300)","60745310200; 58923076200; 57219531085; 60745310300","Can the pilot policies for agricultural socialized service innovation incentivize grain production? A causal inference based on county - level quasi - natural experiments and double machine learning; [农业社会化服务创新试点政策能激励粮食生产吗公一基于县域准自然实验和双重机器学习的因果推断]","2026","Journal of Arid Land Resources and Environment","40","7","","32","44","0","10.13448/j.cnki.jalre.2026.112","https://www.scopus.com/pages/publications/105044886546?origin=resultslist","Ensuring national food security is confronted with the practical challenge of “who will farm the land"", and agricultural socialized services are regarded as the key to solving this problem. The agricultural socialized service innovation pilot policy initiated by the Ministry of Agriculture and Rural Affairs in 2021 provides a quasi -natural experimental scenario for evaluating the effectiveness of the service policy. Aiming to assess the incentive effect, dynamic trajectory, and mechanism of this policy on county - level grain production, this study takes the 2021 pilot policy as a quasi - natural experiment, uses a double difference model and double machine learning methods for causal inference based on panel data from 200 counties from 2015 to 2023. According to the principles of geographical proximity, similar agricultural ecology, and similar economic development levels, 100 pilot counties are matched with 100 non - pilot counties to alleviate systematic errors and selection biases. The study finds that : 1) The agricultural socialized service innovation pilot policy significantly promotes county -level grain production, and this conclusion remains valid after robustness tests. 2) The policy effect shows a short - term impulse characteristic, being significant in the year of implementation but not in subsequent years, indicating that the incentive mechanism of the policy is not yet stable. 3) Heterogeneity analysis shows that the policy effect is the most significant in medium - income regions, presenting an inverted U - shaped curve, stronger in non - grain - producing provinces than in grain - producing provinces, and significant in humid and semi - humid regions but not in arid and semi - arid regions. 4) Mechanism tests reveal that the production increase effect mainly relies on the scale expansion path, while the efficiency expansion path has not been discovered. These findings suggest that the current pilot policy still mainly focuses on labor - replacement services, and the effects of technology integration and knowledge spillover have not been fully released. It is recommended to promote the transformation of service connotations from scale expansion to efficiency improvement, implement differentiated regional support policies, and establish a market - oriented long - term mechanism to consolidate the foundation of food security. © 2026 Editorial Office of Journal of Arid Land Resources and Environment. All rights reserved.","double difference model; double machine learning; Key words : grain production; policy incentive effect","","Article","Final","","Scopus","2-s2.0-105044886546"
"Aihemaiti Y.; Abula K.","Aihemaiti, Yusupu (60144456600); Abula, Kahaer (57999720300)","60144456600; 57999720300","Causal Effects of Digital Infrastructure and Agricultural Socialized Services on Agricultural Value Chain Efficiency: Identification Based on SFA-DML and Innovation-Driven Mechanisms","2026","Sustainability (Switzerland)","18","16","8217","","","0","10.3390/su18168217","https://www.scopus.com/pages/publications/105048604769?origin=resultslist","Digital infrastructure (DI) and agricultural socialized services (ASSs) are key drivers of agricultural value chain efficiency (AVCE), yet their causal effects remain confounded by endogeneity bias. This study constructs an integrated SFA-Tobit-DML framework using 31-province Chinese panel data (2011–2023). SFA estimates provincial technical efficiency; Tobit provides associational benchmarks; and Double Machine Learning (DML) with K = 5 cross-fitting identifies causal average treatment effects (ATEs). The DML results validate the Tobit benchmark for DI (LassoCV ATE: 0.810, 95% CI [0.656, 0.963]; Tobit: 0.826), while revealing Tobit overestimates ASSs by approximately 37% (LassoCV: 0.850 [0.599, 1.101]; Tobit: 1.347). Bootstrap mediation tests confirm that agricultural R&D investment mediates 61.58% and 47.45% of DI and ASS effects. Heterogeneity analysis shows that urbanization amplifies DI marginal returns (ATE: 1.401 in low-urban vs. 0.711 in high-urban regions), while government intervention exhibits conditional crowding-out effects. These findings imply that policies should shift from uniform investment toward regionally differentiated strategies that account for local absorptive capacity. © 2026 by the authors.","agricultural socialized services; agricultural value chain efficiency; digital infrastructure; dual machine learning (DML); innovation-driven; SFA","China; infrastructure; innovation; investment; machine learning; panel data; technical efficiency; urbanization","Article","Final","All Open Access; Gold Open Access","Scopus","2-s2.0-105048604769"
"Gildas N.T.; paul N.; Engwali F.D.","Gildas, Ngueuleweu Tiwang (57926324200); paul, Ningaye (58697660700); Engwali, Fon Dorothy (57201672489)","57926324200; 58697660700; 57201672489","Do demographic structure conditions sector contribution to economic growth? A machine learning approach","2025","Environment, Development and Sustainability","27","2","","2901","2941","3","10.1007/s10668-023-04147-3","https://www.scopus.com/pages/publications/85177565559?origin=resultslist","This paper examines the impact of demographic structure on sector contribution to economic growth. It adopts a double robust instrumental variable of the heterogeneous treatment effect coupled with policy learning methodologies applied in machine learning. The paper uses data from 210 countries from 1990 to 2020 from the World Development Indicators databases. The paper introduces a new descriptive statistic tool termed the demography evolution plot by the authors. Results from the study are threefold. First, for the impact of demographic structure on economic growth within the fast-growing population, (a) the impact is globally negative on agriculture’s GDP but if the working-age ratio of the population is more than 87%, then the effect is reversed and (b) the impact on service GDP is globally negative but the effect is inversed if the elderly share within the population is less than 27%. Second, for the impact of demographic structure on economic growth within the population with high mortality, (a) the impact is globally negative on agriculture GDP and (b) the impact on services GDP is negative. Third, for the impact of demographic structure on economic growth within the aging populations, (a) the impact is strongly positive on agriculture GDP. In addition, world economy is mostly driven by an increasing service sector, the industry sector is constant, and the agriculture sector is decreasing worldwide. The paper suggests that countries should consider their demographic structure as an instrument for policy analysis to better profit from the potentials of each sector of their economy. © The Author(s), under exclusive licence to Springer Nature B.V. 2023.","Demographic structure; Demography evolution plot; GDP; Machine learning; Sector economic growth","aging population; demography; economic growth; Gross Domestic Product; industrial structure; machine learning; policy analysis; spatiotemporal analysis","Review","Final","","Scopus","2-s2.0-85177565559"
"Li J.; Han Z.; Zhou H.","Li, Jing (59921024100); Han, Zhen (57215822635); Zhou, Hui (55716783400)","59921024100; 57215822635; 55716783400","Digital-Green Collaborative Transformation and Agricultural Economic Resilience: Evidence From a Double Machine Learning Model","2026","Food and Energy Security","15","3","e70264","","","0","10.1002/fes3.70264","https://www.scopus.com/pages/publications/105040910935?origin=resultslist","Industrial pollution governance and the strengthening of agricultural resilience are typically pursued in parallel rather than in coordination. This study argues that the digital-green collaborative transformation (DGCT) of heavily polluting enterprises can enhance agricultural economic resilience (AER) through cross-sector spillover effects arising from more efficient factor allocation. Using panel data on Chinese A-share listed heavily polluting enterprises from 2011 to 2023, we employ a double machine learning approach to estimate the impact of DGCT on AER. The results indicate that DGCT significantly improves AER, and the finding remains robust across multiple specification checks, including alternative machine learning algorithms, alternative dependent variables, and changes in sample size. Further analysis identifies three underlying channels: reduced financing constraints, regional industrial upgrading, and higher total factor productivity. The positive effect is particularly strong in non-coastal regions, areas outside major economic circles, and major grain-producing and grain-producing-marketing-balanced regions. In addition, government subsidies and more developed factor markets strengthen the resilience-enhancing effect of DGCT. Overall, this study broadens understanding of digital-green integration and provides empirical support for policies aimed at promoting coordinated industrial and agricultural resilience. © 2026 The Author(s). Food and Energy Security published by John Wiley & Sons Ltd.","agricultural economic resilience; digital-green collaborative transformation; double machine learning model; heavily polluting enterprises; spillover effect","","Article","Final","All Open Access; Gold Open Access","Scopus","2-s2.0-105040910935"
"Yang Y.; Lian D.; Zhang Y.; Wang D.; Wang J.","Yang, Yifei (58111429100); Lian, Dapeng (57672273000); Zhang, Yanan (58848258600); Wang, Dongxuan (57212766778); Wang, Jianzhong (57206479157)","58111429100; 57672273000; 58848258600; 57212766778; 57206479157","Analysis of the impact of resource misallocation and socialized services on low-carbon agricultural production with DML based on random forest","2024","International Review of Economics and Finance","95","","103452","","","14","10.1016/j.iref.2024.103452","https://www.scopus.com/pages/publications/85200473805?origin=resultslist","The substantial increase in agricultural carbon emissions (ACEs) contributes significantly to global warming, and agricultural resource misallocation (ARM) plays a major role in the rise of ACEs. Therefore, the aim of developing modern agriculture is to reduce ARM and promote low-carbon agriculture. To achieve this, the double machine learning model (DML) and moderating effect model are adopted in the present study to explore the correlations between agricultural socialized services (ASS), ARM, and ACEs. Also, the ARM index is calculated using the panel data collected from 31 provinces during the 2004–2020 period in China. The research results are as follows. Firstly, ARM has a significant positive impact on ACEs at the 1% significance level. Secondly, ASS exerts significant negative regulatory effects on ARM and ACEs at the 1% significance level. Lastly, the goodness of fit (R2) reaches 95% and 40% for DML and the fixed effect model (FEM), respectively. Relatively, DML performs better in the goodness of fit according to this study. Furthermore, it is found out in this study that land misallocation, labor misallocation and capital misallocation increase ACEs and impede the development of low-carbon agriculture. Also, as a regulatory variable, ASS mitigates the ARM-induced increase of ACEs. Therefore, these findings provide guidance on the development of low-carbon agriculture for ASS. © 2024 Elsevier Inc.","Agricultural carbon emissions; Agricultural low-carbon development; Agricultural resource misallocation; Agricultural socialized services; Double machine learning","","Article","Final","","Scopus","2-s2.0-85200473805"
"Banerjee S.; Galizzi M.M.; John P.; Mourato S.","Banerjee, Sanchayan (57225149787); Galizzi, Matteo M. (35955903300); John, Peter (7201869563); Mourato, Susana (57211840242)","57225149787; 35955903300; 7201869563; 57211840242","Immediate backfire? Nudging sustainable food choices and psychological reactance","2023","Food Quality and Preference","109","","104923","","","24","10.1016/j.foodqual.2023.104923","https://www.scopus.com/pages/publications/85163524240?origin=resultslist","Nudging people towards sustainable diets can help mitigate agricultural emissions. Recent debate suggests “nudges” can have heterogeneous treatment effects in the population, including some backfire effects. In this paper, we present experimental evidence on backfiring effects to a nudge, after people pledge for sustainable food choices. The backfiring effect is driven by people's short-term intention to eat sustainably. Specifically, we compare a purely reflective tool, the “think”, versus a hybrid “nudge-think” tool, “nudge+”, in a group of 611 participants in the United Kingdom. While the think prompted people to first reflect on a green pledge and then choose an appropriate nudge to comply with their pledge, the nudge+ altered this think by proposing a green default to people who took the pledge. In both experimental conditions, participants self-reported their short- and long-term intentions to eat sustainably. We do not find any evidence of heterogeneous treatment effects by unconditional intentions of participants. Yet nudging people, who already intend to eat sustainably in the short-term, after they have taken the pledge, leads to a backfire. This fades out when we control for people's overall longer-term intentions. Our results suggest that policymakers should not be deterred by initial reactance to behavioural policies if such effects are driven by people's short-term intentions. © 2023 The Author(s)","Backfire; Nudge; Nudge+; Reflection; Think","","Article","Final","All Open Access; Green Open Access; Hybrid Gold Open Access","Scopus","2-s2.0-85163524240"
"Wang S.; Zhao H.; Hu H.","Wang, Sangui (9738227600); Zhao, Huanqi (60407265500); Hu, Haichen (60707061800)","9738227600; 60407265500; 60707061800","Does Urban Resettlement Enhance Subjective Well-Being? Evidence from the Poverty Alleviation Relocation Program; [城镇化安置会带来更高的主观福祉吗?——来自易地扶贫搬迁的证据]","2026","Modern Economic Science","48","3","","16","31","0","10.20069/j.cnki.DJKX.2026032","https://www.scopus.com/pages/publications/105042883706?origin=resultslist","Within the policy framework of the Poverty Alleviation Relocation (PAR) program, enabling households to relocate successfully represents the initial objective, ensuring that relocated households can settle sustainably constitutes the central task of the current policy stage, and achieving long-term income growth is the ultimate goal. After the first objective has largely been achieved, promoting sustainable settlement has become the key focus of post-relocation support and an essential foundation for realizing long-term income growth. This requires close attention to changes in relocated residents’ subjective well-being across different settlement locations and the design of targeted measures to enhance their sense of gain and happiness. At the same time, the program’s diversified urban-rural settlement locations provide a valuable empirical setting to examine the welfare disparities between urban and rural areas and to assess the welfare effects of population migration from villages to cities. Using three waves of survey data collected in 2016, 2017, and 2021 by Renmin University of China and the former State Council Leading Group Office of Poverty Alleviation and Development, this paper employs a staggered difference-in-differences approach to examine the effects of different urban-rural resettlement locations on the subjective well-being of relocated households. Using life satisfaction as a proxy for subjective well-being, the results show that poverty alleviation relocation significantly improves the subjective well-being of relocated households. The effect is significantly stronger for households resettled in county seats, while township and rural resettlement also improve subjective well-being but to a lesser extent, with no significant difference between the latter two. The results remain robust after applying robust estimators for heterogeneous treatment effects, conducting parallel-trend tests, and restricting the treatment group to households whose resettlement locations were not self-selected. Mechanism analyses suggest that disparities in access to education and healthcare are key factors driving the heterogeneity in treatment effects across settlement locations. Households relocated to county-level resettlement benefit from superior public service provisions, contributing to their higher reported life satisfaction. By contrast, alternative pathways such as non-agricultural employment opportunities and digital information accessibility exhibit negligible explanatory power, highlighting the welfare-enabling role of public services. The paper further examines heterogeneity in the effects of relocation and resettlement policies across different individual characteristics and origin-area characteristics. In terms of individual characteristics, households with members of middle-school age experience larger gains in life satisfaction under county-seat resettlement, and respondents with chronic diseases also show stronger improvements in life satisfaction when resettled in county seats, both of which are consistent with the findings from the mechanism analysis. County-seat resettlement is also more effective in enhancing life satisfaction for households with single members. Compared with Han households, ethnic minority households gain more in life satisfaction from relocation overall； however, the effect of county-seat resettlement is weaker for them than that of township and rural resettlement. Overall, the positive effect of relocation on life satisfaction declines with age, whereas the effect of county-seat resettlement follows a positive U-shaped pattern across age groups. The study also finds that although origin-village characteristics have an important influence on the life satisfaction of relocated households, they cannot explain the differences in effects across county-seat, township, and rural resettlement. Compared with existing studies, this paper makes three main contributions. First, by exploiting the PAR program as a quasi-natural experiment and leveraging variation in urban-rural settlement locations, we identify the causal effect of population urbanization on rural households’ subjective well-being, thereby alleviating the endogeneity concerns that have limited prior research. Second, we extend the literature on poverty alleviation relocation by systematically comparing the effects of different settlement locations on life satisfaction, showing that county-level resettlement outperforms township and rural resettlement, while the latter two yield similar policy impacts. Third, within the capability approach framework, we examine the mechanisms through which urban resettlement affects life satisfaction and identify access to education and healthcare public services as the key channel. Accordingly, this paper proposes policy recommendations for improving public service provision in rural and township settlement locations, promoting the social integration of relocated households, strengthening the role of county seats as key platforms of urbanization, and addressing remaining gaps in public services. © 2026, Editorial Board of Modern Economic Science. All rights reserved.","access to education; access to healthcare services; life satisfaction; new urbanization; poverty alleviation relocation; public services; subjective well-being; urban-rural resettlement locations","","Article","Final","","Scopus","2-s2.0-105042883706"
"Jiang C.; Yin G.; Zhang H.","Jiang, Changyi (59655840200); Yin, Guodong (60161819100); Zhang, Huijie (57282927600)","59655840200; 60161819100; 57282927600","Droughts, floods, and grain yield: Exploring the association between well-facilitated farmland and disaster-resistant capacity in China","2026","Journal of Cleaner Production","551","","147904","","","4","10.1016/j.jclepro.2026.147904","https://www.scopus.com/pages/publications/105032190398?origin=resultslist","This study investigates whether and how well-facilitated farmland (WFF) construction enhances the disaster-resistant capacity of grain production (DRCG) in China. In the context of intensifying global drought and flood impacts, understanding how agricultural infrastructure contributes to disaster-resistant capacity is essential for global food security. This study adopts the super-efficiency SBM model to evaluate the climate adaptability of grain systems in various provinces of China from 2011 to 2023, identifies the marginal effects of WFF construction by double machine learning method, and tests its regional evolution trend by β absolute convergence model, thus systematically explaining the internal logic of the continuous growth of China's grain output. It is found that the DRCG has shown a significant overall improvement, the average level reached 0.484 in 2023, representing an increase of 30% from 2011. The WFF construction is positively associated with the improvement of DRCG, and shows a stronger marginal effect in non-main producing areas, which indicates that the construction strategy oriented by “targeted infrastructure enhancement” has played a key role in enhancing the climate adaptability of grain systems in vulnerable areas. However, it is worth noting that the contribution of WFF construction diminishes over time, so it is important to pay attention to the necessary maintenance and upkeep of the facilities after construction. Meanwhile, the analysis of 31 provinces in China reveals a β absolute convergence trend in disaster-resistant capacity, indicating that regions with initially lower capacity are gradually narrowing the gap with those having higher capacity, thereby forming a pattern of coordinated development. This study provides other regions vulnerable to drought and flood impacts with China's practical experience, offering insights on enhancing disaster-resistant capacity through infrastructure development. © 2026 Elsevier Ltd.","Disaster-resistant; Drought; Flood; Grain production; Well-facilitated farmland","Agricultural machinery; Climate models; Disasters; Farms; Floods; Grain (agricultural product); Grain growth; Learning systems; Disaster-resistant; Drought/flood; Global food security; Grain production; Grain yield; Machine learning methods; Marginal effects; SBM models; Super-efficiency; Well-facilitated farmland; Drought","Article","Final","","Scopus","2-s2.0-105032190398"
"Wu B.; Huang X.; Zhou B.; Li J.; Hu L.","Wu, Benjian (57879861400); Huang, Xing (60091963800); Zhou, Bo (60937986000); Li, Jianmin (60937291800); Hu, Lifang (57207843065)","57879861400; 60091963800; 60937986000; 60937291800; 57207843065","Can the Implementation of Smart Agriculture Reduce the Urban–Rural Disparity in Land Use Efficiency? Evidence Based on Digital Agriculture in China","2026","Land","15","9","1531","","","0","10.3390/land15091531","https://www.scopus.com/pages/publications/105051748268?origin=resultslist","The deep integration of digital technologies with agricultural production is reshaping how rural land is used and offers new opportunities for narrowing the urban–rural gap in land use efficiency. Building on theoretical analysis, this study uses panel data for 700 Chinese counties from 2010 to 2024, treats the Digital Agriculture Innovation and Application Base pilot program as a quasi-natural experiment, and applies a double machine learning model to examine the effect of smart agriculture construction on the urban–rural gap in land use efficiency. The results show the following: (1) Smart agriculture construction significantly narrows the urban–rural gap in land use efficiency, with channel evidence pointing to agricultural technological progress, improved capital allocation, and agricultural industrial upgrading. (2) The policy effect is statistically significant only in formerly poverty-stricken counties, counties with higher land-transfer rates, and counties with stronger digital foundations, while Fisher permutation tests do not establish statistically significant cross-group differences. (3) Decomposition results show that the program raises rural land use efficiency and the rural marginal returns to capital and labor while leaving the corresponding urban indicators statistically unchanged, so the observed convergence is driven primarily by rural catch-up rather than urban decline. From a factor allocation perspective, this study clarifies how smart agriculture construction can rebalance urban–rural land resource use while identifying the statistical limits of the heterogeneity and channel evidence. © 2026 by the authors.","agricultural industrial upgrading; agricultural technological progress; double machine learning; factor allocation; rural catch-up","","Article","Final","All Open Access; Gold Open Access","Scopus","2-s2.0-105051748268"
"Xi S.; Wang X.; Lin K.","Xi, Shilong (59676510000); Wang, Xiaohui (57315345500); Lin, Kejun (57376110000)","59676510000; 57315345500; 57376110000","The Impact of Carbon Emissions Trading Pilot Policies on High-Quality Agricultural Development: An Empirical Assessment Using Double Machine Learning","2025","Sustainability (Switzerland)","17","5","1912","","","7","10.3390/su17051912","https://www.scopus.com/pages/publications/86000573584?origin=resultslist","Amid the pressing challenges of global warming, carbon trading policies have gained increasing importance in advancing green development. This study employs Double Machine Learning (DML) to effectively process high-dimensional data and nonlinear relationships, integrating methods such as Difference-in-Differences (DID) to systematically address endogeneity issues. Using an indicator system for High-Quality Agricultural Development (HQAD) covering 30 provinces, municipalities, and autonomous regions, this study aims to evaluate the impact of the pilot carbon emissions trading (CET) policy on HQAD. The findings are as follows: (1) The pilot CET policy significantly enhances HQAD. Though the positive effect has diminished, multi-dimensional robustness checks confirm the results’ credibility and stability. (2) Mechanism analysis shows that the policy promotes HQAD through two key pathways: strengthening environmental regulation (ER) and improving agricultural energy total factor productivity (AETFP). (3) Regional heterogeneity is evident, with the eastern region showing the most substantial policy effects, followed by the western region, while the central region shows minimal impact. Regarding grain functional zones, the policy effect is significant in the main sales and balance areas but weaker in the main producing area. Based on these findings, this study provides three policy recommendations to inform policymaking, facilitate the green transition, and promote High-Quality Agricultural Development. © 2025 by the authors.","agricultural energy total factor productivity; carbon emissions trading; double machine learning; environmental regulation; high-quality agricultural development","agricultural development; carbon emission; emissions trading; heterogeneity; machine learning; policy making; total factor productivity","Article","Final","All Open Access; Gold Open Access","Scopus","2-s2.0-86000573584"
"Kukoč M.; Škrinjarić B.; Juračak J.","Kukoč, Marin (57209138343); Škrinjarić, Bruno (57200304928); Juračak, Josip (6504766208)","57209138343; 57200304928; 6504766208","The impact assessment of the eu pre-accession funds on agriculture and food companies: The croatian case","2021","Spanish Journal of Agricultural Research","19","3","e0107","","","3","10.5424/sjar/2021193-16764","https://www.scopus.com/pages/publications/85113194682?origin=resultslist","Aim of study: This paper evaluates the effect of pre-accession EU grants on beneficiaries in the agri-food sector using a quasi-experimental approach on the case of Croatia. An insight into the available literature reveals a lack of rigorous research and evaluation of the results of using these funds in Croatia as well as in other beneficiary countries. Area of study: Republic of Croatia, Europe (2006–2017). Material and methods: Two datasets were used: (1) financial and structural data on the population of Croatian enterprises for the 2003–2017 period, and (2) data on SAPARD and IPARD grants in the 2007–2016 period. Data were analyzed using counterfactual impact analysis, i.e., a combination of difference-in-difference approach and propensity score matching. Main results: The grants showed to have a positive effect on firm survival, as well as positive effects on obtaining bank loans and increasing turnover, value added, employment, and total factor productivity. Heterogeneous treatment effects show that the grants resulted in the greatest additionality for micro-sized firms located in Central Croatia. Cost-benefit analysis estimates an increase in the value added, which outweighs scheme-induced costs by 120% in the short run and 90% in the mid run. Research highlights: Pre-accession programs in Croatia had a positive impact on the beneficiaries’ growth and business performance indicators in both short and mid term. This paper also promotes the application of similar research in other EU candidate countries where the same or similar funds are implemented. © 2021 INIA.","Additional public grants; IPARD; Policy evaluation; SAPARD","","Article","Final","All Open Access; Gold Open Access; Green Open Access","Scopus","2-s2.0-85113194682"
"Guo X.; Li J.; Liu X.; Yun M.","Guo, Xianpeng (60327974200); Li, Jing (60364483600); Liu, Xiaoyan (60110772500); Yun, Mengli (60724306600)","60327974200; 60364483600; 60110772500; 60724306600","Evaluating the environmental impacts of synergistic agricultural policies: a double machine learning analysis of dual-pilot reforms","2026","Environment, Development and Sustainability","","","","","","0","10.1007/s10668-026-07862-9","https://www.scopus.com/pages/publications/105043804019?origin=resultslist","Agricultural green transformation requires policies that address pollution control and carbon mitigation within the same production process. This study investigates whether China’s Agricultural Social Services (ASS) and Policy-based Agricultural Insurance (PAI) create additional environmental gains when they operate as a coordinated policy package. Based on a balanced panel of 31 Chinese provinces from 2007 to 2023, we construct a coordinated environmental performance index that integrates carbon-reduction performance and non-point source pollution-control performance. A double/debiased machine learning framework is then used to estimate the effect of ASS-PAI coordination while allowing for high-dimensional covariates and nonlinear confounding structures. The evidence shows a steady improvement in coordinated environmental performance over time, accompanied by a more compact spatial distribution and a southeastward movement of the performance center. Provinces implementing both ASS and PAI achieve higher environmental performance than those exposed to only one policy. This result remains stable after changing model specifications, cross-fitting folds, and machine-learning algorithms. Mechanism analysis indicates that coordinated policies work partly by expanding mechanized agricultural operations and strengthening farmer cooperatives. The effect is stronger where agricultural service systems are more developed, insurance markets are less mature, grain-crop dominance is lower, and irrigation conditions are better. These findings show that production-service support and risk-protection instruments can become mutually reinforcing when they are institutionally matched. The study provides evidence for designing agricultural policy packages that help developing economies control diffuse pollution and lower production-related carbon emissions within the same production system. © The Author(s), under exclusive licence to Springer Nature B.V. 2026.","Agricultural environmental sustainability; Agricultural service systems; Double machine learning; Government-supported agricultural insurance; Policy coordination","","Article","Article in press","","Scopus","2-s2.0-105043804019"
"Ma G.; Chen J.; Song Y.; Luo Y.; Xiao W.","Ma, Guoqun (57865942400); Chen, Jiangan (60347783900); Song, Yiliang (59451632200); Luo, Yan (60720889300); Xiao, Wenying (60720552600)","57865942400; 60347783900; 59451632200; 60720889300; 60720552600","The effect of water rights trading on China’s agricultural green total factor productivity","2026","Scientific Reports","16","1","20042","","","0","10.1038/s41598-026-47988-4","https://www.scopus.com/pages/publications/105043578308?origin=resultslist","Enhancing water use efficiency and clarifying water rights are critical to advancing the comprehensive green transformation of China’s agricultural sector. Using agricultural data from 30 provincial-level regions in China from 2010 to 2023, this paper applies a double machine learning approach to identify the causal impact of water rights trading on agricultural green total factor productivity (AGTFP). The results show that: (1) water rights trading significantly improves AGTFP; (2) mechanism analysis indicates that water rights trading affects AGTFP through enhanced local innovation capacity, cropland transfer, and improved utilization efficiency of livestock and poultry manure; (3) heterogeneity analysis shows that the promoting effect of water rights trading on AGTFP is more pronounced in regions with relatively scarce water resources and in non-major grain-producing areas; and (4) dynamic analysis indicates that water rights trading exerts a persistent positive effect on AGTFP. This paper provides empirical support and policy implications for improving the water rights trading system and promoting the green transformation of China’s agricultural sector. © The Author(s) 2026.","Agricultural green total factor productivity; Double machine learning model; Water rights trading","water; article; clinical trial; controlled study; machine learning; productivity","Article","Final","All Open Access; Gold Open Access","Scopus","2-s2.0-105043578308"
"Olawuyi S.O.; Mushunje A.","Olawuyi, Seyi Olalekan (57205662892); Mushunje, Abbyssinia (36445067900)","57205662892; 36445067900","Heterogeneous treatment effect estimation of participation in collective actions and adoption of climate-smart farming technologies in South–West Nigeria","2020","GeoJournal","85","5","","1309","1323","11","10.1007/s10708-019-10024-2","https://www.scopus.com/pages/publications/85066906387?origin=resultslist","Enhancing sustainable food security requires agricultural production systems to change in the direction of higher productivity and to mitigate lower output variability in the face of climate extreme related hazards such as land degradation. Adoption of resilient food production system capable of withstanding disruptive events is therefore needed to stabilize farmers’ productivity. Consequently, participation in collective actions has been touted as an effective approach to enhance cooperation among individuals within a social system and to advance adoption of climate-smart farming techniques (conservation agriculture). This study investigated this perspective using heterogeneous treatment effects estimation to analyze the data collected from 350 smallholder farmers selected randomly from the South–West Nigeria. The average treatment effects on the treated estimate revealed that participation in collective actions had adoption-increasing effect for each unit variation in propensity score rank, although, negative selection effect was suspected. Similarly, information acquisition, access to extension service and frequency of visit by extension workers are significant features that predict adoption in the study area. However, rosenbaum sensitivity analysis test revealed that the increasing effect of participation in collective actions on conservation agriculture adoption is insensitive to unobserved bias that may double or triple the odds of exposure to treatment. Hence, the average treatment effect on the treated estimate is a pure impact of the participation in collective actions. The study concluded that farmers with high propensity to participate in collective action have high likelihood to adopt climate-resilient farming practices compared to the counterparts with a lower propensity of participation in collective action. © 2019, Springer Nature B.V.","Climate-smart farming; Collective actions; Heterogeneous treatment effect; Nigeria","Nigeria; Agriculture; Food supply; Productivity; Sensitivity analysis; Uncertainty analysis; Agricultural production system; Average treatment effects; Climate-smart farming; Collective action; Conservation agricultures; Information acquisitions; Nigeria; Treatment effects; adaptive management; agricultural production; agricultural technology; collective action; estimation method; extreme event; food security; heterogeneity; mitigation; participatory approach; sustainability; Climate change","Article","Final","","Scopus","2-s2.0-85066906387"
"Ma H.; Xie F.; Li Z.; Wang Y.; Zhou J.","Ma, Huimin (57224797769); Xie, Fangming (57196094974); Li, Ziye (60684328600); Wang, Yuqing (60684538600); Zhou, Jingyi (60684642100)","57224797769; 57196094974; 60684328600; 60684538600; 60684642100","The Impact of Energy Price Fluctuations on Grain Circulation Efficiency in the Context of Geopolitical Conflicts: An Empirical Test Based on Double Machine Learning","2026","Energies","19","11","2573","","","0","10.3390/en19112573","https://www.scopus.com/pages/publications/105041372517?origin=resultslist","Geopolitical conflicts continue to disrupt global energy supply chains, causing sharp changes in energy prices. These changes reshape the cost structure and efficiency levels of grain circulation. Based on panel data from 30 Chinese provinces covering 2011–2022, this study constructs a proxy for grain circulation efficiency using a resource misallocation framework and counterfactual decomposition. We employ panel threshold regression and double machine learning methods to systematically examine the nonlinear impact of energy price levels on grain circulation efficiency and to reveal regional differences. The findings are as follows: (1) Energy price levels exhibit a significant single-threshold effect. When energy prices remain within a low range, rising prices exert a positive technology push effect; beyond the threshold, a cost-squeeze suppression dominates. (2) The eastern region shows the highest tolerance for price increases, whereas the western region has the lowest tolerance, with the central region falling in between. (3) Double machine learning feature importance analysis reveals that research and experimental development investment and economic development are the dominant factors affecting agricultural product circulation efficiency in the eastern region; water consumption and capital stock are the key factors in the central region; and energy prices, foreign trade dependence, and infrastructure are the most sensitive factors in the western region. This study provides empirical evidence for designing differentiated regional circulation policies and enhancing the resilience of the grain circulation system. © 2026 by the authors.","double machine learning; energy price level; geopolitical conflicts; grain circulation efficiency; threshold effect","Agricultural machinery; Costs; Economic and social effects; Grain (agricultural product); Investments; Machine learning; Double machine learning; Eastern regions; Energy price level; Energy prices; Geopolitical conflict; Grain circulation efficiency; Machine-learning; Price levels; Threshold effect; Western region; International trade","Article","Final","All Open Access; Gold Open Access; Green Open Access","Scopus","2-s2.0-105041372517"
"Cao A.; Guo L.; Li H.","Cao, Andi (57225149114); Guo, Lili (57225143416); Li, Houjian (57196035227)","57225149114; 57225143416; 57196035227","How does land renting-in affect chemical fertilizer use? The mediating role of land scale and land fragmentation","2022","Journal of Cleaner Production","379","","134791","","","45","10.1016/j.jclepro.2022.134791","https://www.scopus.com/pages/publications/85140482490?origin=resultslist","Chemical fertilizer overuse poses a significant challenge for sustainable agriculture and food safety. Against this background, land transfers that raise farmers' resource allocation efficiency and achieve scale agricultural operation are especially valuable. Based on survey data from 12 rice-producing provinces in the south of China during the period between 2018 and 2019, this paper employs the control function approach to explore the impact of land renting-in on chemical fertilizer use. The results show that land renting-in reduces the usage of chemical fertilizers by 50.34%. The fertilizer-reduction effect is weakened with farmers who have received cultivated training but enhanced with farmers who have purchased crop insurance and farmers who hold more household assets. It is interesting to note that the reduction effect of land renting-in remains stable with an increase in household head age. Furthermore, the marginal treatment effects suggest that the reduction effect of land renting-in is significant for those rice farmers with high resistance to rent in cultivated land. Finally, we find that both land scale and land fragmentation play a mediating role between land renting-in and chemical fertilizer use. Our analysis emphasizes the importance of land transfer in fertilizer reduction and the need for policies that improve the willingness to land transfer to reduce environmental pollution and ensure food safety. © 2022 Elsevier Ltd","China; Fertilizer use; Heterogeneous treatment effects; Land renting-in; Mediating role","Food safety; Land use; Chemical fertilizers; China; Fertilizer use; Heterogeneous treatment effect; Land fragmentations; Land renting-in; Land transfer; Mediating roles; Reduction effects; Treatment effects; Fertilizers","Article","Final","","Scopus","2-s2.0-85140482490"
"Olawuyi S.O.","Olawuyi, Seyi Olalekan (57205662892)","57205662892","Adoption Decision and Welfare Impact of Eco-Friendly Agricultural Practices: Evidence from Smallholder Farmers in South-West Nigeria","2020","Journal of Management Information and Decision Sciences","23","5","","590","611","1","","https://www.scopus.com/pages/publications/85099612882?origin=resultslist","The inevitable desire for productive and remunerative agriculture with zero negative impact both on the environment and the natural resource base (natural systems) in the quest to mitigate the impact of climate extremes on the agri-food ecosystem, farming households' welfare, and food security status in Nigeria, necessitates farmers' adoption of eco-friendly agricultural practices (conservation agricultural practices) which are adjudged to be climate-smart. These practices are confluence in nature, interrelated and mutually enabling, with specific trade-offs. Households' survey data from the randomly selected 350 smallholder farmers were analyzed with heterogeneous treatment effect econometrics model to investigate farmers' adoption status of eco-friendly agricultural practices, and to find out if farmers' adoption decision have impact on their welfare gains. Bearing in mind that, many of the previous related studies on adoption of improved agricultural practices in South-west Nigeria seemed not to have accounted for the possible selection and hidden bias usually associated with non-experimental research of this nature. The findings indicated that adoption is still largely partial. Similarly, the results revealed that adoption had a welfare-increasing impact for every change in the rank of the propensity score. However, years of formal education, trust index of social capital, active involvement in collective action, and frequent extension delivery system were found to significantly predict adoption of these practices. These important dynamics also differentiated the adopters and non-adopters of these practices by welfare-gains. Importantly, rosenbaum sensitivity test used for robustness checks revealed that the negative effect of adoption on farmers' welfare-gains was insensitive to selection bias. Hence, the ATT estimate from HTE model was a pure impact effect of the adoption. The study concluded that a large proportion of the farmers with a high propensity to adopt these practices were perhaps the ones with high comparative advantage as regards access to productive resources, which included: farmland holdings, labour, capital, social networks, and institutional supports. This also permits to infer that there is a possibility for the farmers to perform better to experience positive effects, if efficient enough to stay within the production possibility frontier. © 2020. All Rights Reserved.","Agricultural Practices; Eco-friendly; HTE Model; Nigeria; Welfare","","Article","Final","","Scopus","2-s2.0-85099612882"
"Liu S.; Yue Y.; Wang L.; Yang Y.","Liu, Shiwei (58125276200); Yue, Yongyu (60101428400); Wang, Lei (60101013300); Yang, Yang (58848029500)","58125276200; 60101428400; 60101013300; 58848029500","Spatial Heterogeneity in Temperature Elasticity of Agricultural Economic Production in Xinjiang Province, China","2025","Sustainability (Switzerland)","17","17","7724","","","0","10.3390/su17177724","https://www.scopus.com/pages/publications/105016187218?origin=resultslist","Agricultural production is significantly impacted by climate change. Owing to its arid and warm climate, investigating the impacts of climate change on agricultural production in Xinjiang Province can help improve resilience and designate adaptive responses for the agricultural sector. On the basis of agricultural output data at the county level in Xinjiang from 1990–2019, we used the feasible generalized least squares (FGLS), panel-corrected standard errors (PCSE), and double machine learning (DML) model to study the spatial heterogeneity in temperature elasticity of agricultural economic production. The results revealed that there is an inverted U-shape of temperature impact on agricultural economic production. The presented temperature elasticity in county level showed that regions with negative temperature elasticities are primarily located in the mainstream of the Tarim basin and the Turpan basin in southern Xinjiang. The SHapley Additive exPlanations (SHAP) analysis was further incorporated to elucidate the impact of different factors on the spatial heterogeneity in temperature elasticity. The results indicated that temperature is the most substantial factor influencing temperature elasticity, with labor and precipitation following in sequence. In particular, increased precipitation in arid and hot regions could alleviate the heat stress and lead to a positive temperature elasticity prediction. These findings provide a scientific basis for spatial heterogeneity in the response of agricultural economic production to climate change, and help identify priority regions for achieving Sustainable Development Goals (SDGs) 1 and 2. © 2025 by the authors.","agricultural economic production; climate change; double machine learning model; temperature elasticity; Xinjiang Province","China; Turpan Basin; Xinjiang Uygur; agricultural economics; agricultural production; climate change; elasticity; heterogeneity; machine learning; numerical model; Sustainable Development Goal","Article","Final","All Open Access; Gold Open Access","Scopus","2-s2.0-105016187218"
"Das S.; Dutta S.","Das, Sabyasachi (57212470330); Dutta, Souvik (56841109800)","57212470330; 56841109800","Decentralization and Spatial (Mis-)Allocation of Irrigation Water","2026","Agricultural Economics (United Kingdom)","57","1","e70074","","","0","10.1111/agec.70074","https://www.scopus.com/pages/publications/105021550735?origin=resultslist","This paper examines the consequences of decentralization in the management of canal irrigation for spatial allocation of water and agricultural performance. Under centralized management, farmers closer to the canal tend to over-extract water, resulting in spatial misallocation. We test whether decentralization can improve spatial allocation of water by exploiting the differential timing of the constitution of locally elected canal management bodies (“Pani Panchayats”) in the state of Orissa, India, that decentralized its canal management. Using survey data and a heterogeneous treatment effect estimation strategy using farmer level fixed effects, we show that farming plots farther away from the canal received less water under centralized system, but longer exposure to decentralization significantly reduces spatial misallocation. Consequently, agricultural revenue and wealth (landholding) improve more for those farmers. The effect of decentralization is more pronounced in areas with high land inequality and lower in areas where plots are similarly sized across distance from canal. We find suggestive evidence that distant farmers’ ability to complain to local representatives is an important mechanism explaining our results. © 2025 International Association of Agricultural Economists.","canal irrigation; local governance; Pani Panchayats; water management","India; Odisha; agricultural performance; canal; decentralization; governance approach; irrigation system; local government; survey design; water management","Article","Final","","Scopus","2-s2.0-105021550735"
"Yao X.; Huang J.; Zhong Y.; Lin Q.; Lin W.","Yao, Xingyuan (59682406300); Huang, Jingyi (60784540800); Zhong, Yufen (59681653500); Lin, Qingfan (59489696800); Lin, Weiming (57188715457)","59682406300; 60784540800; 59681653500; 59489696800; 57188715457","Does the County-Level Business Environment Improve the Quality of Agriculture-Related Market Entry? Evidence from China","2026","Agriculture (Switzerland)","16","15","1575","","","0","10.3390/agriculture16151575","https://www.scopus.com/pages/publications/105047055770?origin=resultslist","Improving the quality of agriculture-related market entry is central to rural industrial upgrading, yet existing studies mainly measure entry quantity. The primary objective of this study is to assess whether the county-level business environment is associated with the structural quality of new agriculture-related entrants. Specifically, the study asks three questions: whether the association is positive; whether financial services, market connectivity, and human capital supply are consistent transmission channels; and whether the association varies with agricultural foundations, initial factor market conditions, and access to urban spillovers. Using Chinese business registration records and county-level socioeconomic data for 2010–2023, we construct a county–year panel and measure entry quality through capital quality, organizational quality, and value chain extension. Two-way fixed effects, double machine learning, fractional response models, robustness tests, and a supplementary instrumental variable diagnostic are applied. The preferred fixed effects estimate indicates that a 0.1 increase in the business environment index is associated with a 4.16 percentage point increase in the high-quality entry ratio; a one-standard-deviation increase corresponds to approximately 3.77 percentage points. The association remains positive under nonlinear and bounded-outcome specifications. Channel tests are consistent with financial, market connectivity, and human capital pathways, and the association is stronger in central and western counties, non-municipal districts, counties with stronger agricultural foundations, and counties with weaker initial financial and market conditions. Because the estimate becomes statistically insignificant after prefecture-by-year fixed effects are included, the findings are interpreted as robust conditional associations rather than definitive county-level causal effects. © 2026 by the authors.","agriculture-related market entry; agrifood entrepreneurship; business registration data; China; county-level business environment; high-quality entry; rural industrial upgrading; value chain upgrading","China; agriculture; business; entrepreneur; environmental assessment; human capital; machine learning; market","Article","Final","All Open Access; Gold Open Access","Scopus","2-s2.0-105047055770"
"Jiang H.; Xie Y.; Wu J.; Zhao F.; Tian Y.; Chen H.; Huo Z.","Jiang, Hanfeng (58147625400); Xie, Yuyan (59344636600); Wu, Jiangyan (59949705400); Zhao, Fangzhou (58193979400); Tian, Yuxin (58108312100); Chen, Haoming (57201659335); Huo, Zongli (57208631351)","58147625400; 59344636600; 59949705400; 58193979400; 58108312100; 57201659335; 57208631351","Unveiling the unbiased causal mechanisms of phosphogypsum on plant performance: Optimal application and heterogeneous environmental effects identified by machine learning","2025","Journal of Environmental Chemical Engineering","13","6","120295","","","1","10.1016/j.jece.2025.120295","https://www.scopus.com/pages/publications/105022293560?origin=resultslist","Phosphogypsum (PG) is a byproduct of the phosphate fertilizer industry that presents both environmental challenges and potential opportunities for agricultural use. This study pioneers a novel framework that integrates machine learning (ML) with causal inference to unbiasedly evaluate PG's effects on soil-crop systems, especially crop yield and nutrient content. Bayesian optimization-based CatBoost model accurately predicted crop yield, N, P, and K content (Test R² = 0.94–0.97) compared to other models, and was empirically proven to be generalizable and robust (Validation R² > 0.85). PG dosage, soil pH, calcium and magnesium content were key drivers. SHAP analysis revealed PG dosage in the optimal range of 3.5–6.5 t/ha can efficiently promote crop quality and yield enhancement. While double ML framework quantifies PG’s average treatment effect for crop yield, N, P, and K content were 0.0164, 0.0786, 0.0020 and −0.1127, indicated that PG enhances N and P availability but may suppress K content, its direct effect on yield is more modest than previously thought. Compared to linear regression and partial dependence analysis, this causal approach prevents overestimation and provides reliable, unbiased evidence. Therefore, PG should be used for soil improvement and plant growth with differentiated application strategies based on soil and crop heterogeneity. This study offers valuable insights for sustainable PG recycling in agriculture, aligning with the goals of precision farming and industrial waste valorization. © 2025 Elsevier Ltd.","Crop growth; Double machine learning; Industrial waste phosphogypsum; Plant tissue nutrient; Soil improvement","Agricultural machinery; Crops; Industrial wastes; Machine learning; Nutrients; Plant life extension; Soil testing; Soils; Sustainable development; Crop growth; Crop yield; Double machine learning; Industrial waste phosphogypsum; Machine-learning; Phosphogypsum; Plant performance; Plant tissue nutrient; Plant tissues; Soils improvement; Phosphate fertilizers","Article","Final","","Scopus","2-s2.0-105022293560"
"Shah D.A.; Sanjel S.; Esker P.D.","Shah, Denis A. (7402371798); Sanjel, Santosh (57208798676); Esker, Paul D. (6602658573)","7402371798; 57208798676; 6602658573","Causal Inference in Plant Disease Contexts","2026","Annual Review of Phytopathology","64","1","","473","492","0","10.1146/annurev-phyto-011325-094447","https://www.scopus.com/pages/publications/105049159646?origin=resultslist","Many questions in plant pathology are of a causal nature. However, the formal framework of causal inference remains underutilized in the discipline. This review provides an accessible, higher-level introduction to causal concepts for agricultural researchers. The potential outcomes framework is introduced to define counterfactuals and directed acyclic graphs to visualize causal assumptions. We discuss the “gold standard” randomized controlled trial for estimating causal effects, with attention to agriculturally relevant contexts such as interplot interference and the estimation of heterogeneous treatment effects. The relevance and application of causal inference methods to observational data are also covered, in recognition of the growing role of this type of data. The limited but pioneering studies already applying these methods in plant pathology are highlighted. Copyright © 2026 by the author(s). This work is licensed under a Creative Commons Attribution-NonCommercial-NoDerivatives 4.0 International License (CC BY-NC-ND 4.0), which permits any noncommercial use, sharing, distribution, and reproduction in any medium or format, provided the original author(s) and source are credited; this license does not permit sharing adapted material derived from this article or parts of it. Images or other third-party material in this article are included in the article's Creative Commons license unless indicated otherwise; see credit lines for license information.","causal inference; directed acyclic graphs; observational studies; randomized controlled trials","Causality; Plant Diseases; Plant Pathology; Randomized Controlled Trials as Topic; directed acyclic graph; drug therapy; human; observational study; plant disease; randomized controlled trial; review; therapy; treatment effect heterogeneity; causality; randomized controlled trial (topic)","Review","Final","All Open Access; Hybrid Gold Open Access","Scopus","2-s2.0-105049159646"
"Hou S.; Sun Y.; Lyu J.; Xue Y.; Zhang J.","Hou, Shanshan (60656570000); Sun, Yiming (60226697600); Lyu, Jie (57219256206); Xue, Ying (57939931000); Zhang, Junyan (58557671000)","60656570000; 60226697600; 57219256206; 57939931000; 58557671000","How information acquisition affects rice water-saving technology adoption: evidence from China using double machine learning","2026","Frontiers in Sustainable Food Systems","10","","1803890","","","1","10.3389/fsufs.2026.1803890","https://www.scopus.com/pages/publications/105041242362?origin=resultslist","The demand for irrigation is causing freshwater stress in rice production, which raises concerns about the sustainable development of food and water. To mitigate water scarcity, it is essential to promote water-saving technology (WST). In today’s digital economy, information asymmetry in knowledge and cognition has emerged as a primary constraint on the adoption of WST. However, limited research has explored the relationship between information acquisition and value perception. This study employs a double machine learning technique to empirically investigate the key factors influencing information acquisition, value perception, and WST adoption behavior using survey data from rice farmers in Liaoning Province of China. The results indicate that information acquisition promotes the adoption of WST, with the extent of this encouragement differing at each stage in the following descending order: land preparation, seedling cultivation, irrigation, and field management. Mediation analysis showed that by improving perceived ease of use, information acquisition facilitates the adoption of WST. According to a heterogeneity analysis, information acquisition has a greater influence on WST adoption behavior for full-time farmers and small-scale farmers. Therefore, to promote their adoption, it is essential to construct an information dissemination mechanism to enhance the coverage and effectiveness of information acquisition. The perceived usefulness can enhance farmers’ intrinsic motivation for technology adoption. Additionally, differentiated support strategies can be developed to leverage the precision-enhancing effect of information acquisition. Copyright © 2026 Hou, Sun, Lyu, Xue and Zhang.","adoption behavior; agricultural water-saving technology; double machine learning; information acquisition; value perception","","Article","Final","All Open Access; Gold Open Access; Green Open Access","Scopus","2-s2.0-105041242362"
"Zhou M.; Cao Y.; Huang L.","Zhou, Mi (57188804234); Cao, Yinchuan (58527436600); Huang, Li (57202232073)","57188804234; 58527436600; 57202232073","Digital Economy, Industrial Structure Optimization, and Agricultural Green Development Efficiency: A Double Machine Learning Causal Analysis","2026","Australian Economic Papers","65","1","","49","58","4","10.1111/1467-8454.70009","https://www.scopus.com/pages/publications/105016509418?origin=resultslist","The digital economy plays a role in encouraging green development in agriculture, which helps achieve food security, resource conservation, and sustainable development, and also helps promote the United Nations Sustainable Development Goals. This paper employs a double machine learning (DML) method to analyze the impact of the digital economy on agricultural green development efficiency and the mechanism by which it exerts this impact across 282 prefecture-level cities in China from 2010 to 2020. The results indicate that the digital economy positively affects the efficiency of agricultural green development, even after addressing endogeneity issues and conducting robustness checks. Analysis of the mechanism shows that vertical industrial upgrading and horizontal industrial integration are the main drivers. Furthermore, heterogeneity analysis uncovers a strong compensatory effect of the digital economy, showing a more pronounced impact in non-major grain-producing, resource-based, and low-income regions. This study provides a reference for using the digital economy to promote agricultural green development efficiency in other developing countries. © 2025 John Wiley & Sons Australia, Ltd.","agricultural green development efficiency; digital economy; double machine learning; GANN-DEA","","Article","Final","","Scopus","2-s2.0-105016509418"
"Han L.; Yang G.; Wu J.; Cui P.; Niu L.; Ji G.; Li X.; Zhang N.","Han, Liang (57204395409); Yang, Guijun (55501651300); Wu, Jintao (57188570943); Cui, Pengzhi (59126294500); Niu, Lianghong (60709346200); Ji, Gaoyi (60503514800); Li, Xudong (60503318700); Zhang, Nan (60503318800)","57204395409; 55501651300; 57188570943; 59126294500; 60709346200; 60503514800; 60503318700; 60503318800","Interpretable machine learning and causal inference for maize LAI estimation from UAV multimodal imagery","2026","International Journal of Remote Sensing","47","16","","7170","7190","0","10.1080/01431161.2026.2691983","https://www.scopus.com/pages/publications/105042993571?origin=resultslist","Accurate retrieval of leaf area index (LAI) is vital for crop monitoring and genetic breeding. Although multi-modal unmanned aerial vehicle (UAV) remote sensing has advanced LAI estimation, conventional empirical models often overfit on small breeding populations and cannot disentangle the true causal effects of genetic backgrounds from confounding factors within a statistically rigorous framework. This study presents a robust framework for plot-scale maize LAI estimation across 800 breeding plots from four genetic subgroups: doubled haploid (DH), mixed, temperate (TEM), and tropical/subtropical (TST). From UAV RGB and multispectral imagery acquired at three phenological stages, we extracted 76 multi-modal features comprising point-cloud structural metrics, spectral vegetation indices, and texture features. Following a dual-criterion mutual information and multicollinearity filter, four algorithms, including traditional tree-ensembles and the Tabular Prior-data Fitted Network (TabPFN), were evaluated using nested validation. TabPFN achieved superior generalization performance, yielding a mean test R2 of 0.778 ± 0.031, an RMSE of 0.264 ± 0.024, and an MAE of 0.203 ± 0.022, significantly outperforming tree-ensemble models (p < 0.01). Across growth stages, retrieval accuracy peaked at the expanded bell-mouth stage (R2 = 0.802) and successfully captured the unimodal trajectory of canopy development. SHAP-based attribution showed that spectral indices contributed most to the predictions (55.9%), followed by canopy texture (26.3%), with the spatial heterogeneity metric Tex_Entropy being the most influential single feature (22.8%). When embedded as the nuisance estimator within a Double Machine Learning framework for causal inference, TabPFN confirmed that, relative to the TEM subgroup, only the DH genetic background exerted a consistent and significant negative causal effect on LAI (ATE = −0.070, p = 0.030). These results establish TabPFN as a reliable and extensible tool for non-invasive, high-throughput phenotyping in precision breeding. © 2026 Informa UK Limited, trading as Taylor & Francis Group.","Double Machine Learning; Leaf Area Index; multimodal data; remote sensing; UAV","Agricultural machinery; Antennas; Crops; Filtration; Forestry; Learning algorithms; Learning systems; Machine learning; Plants (botany); Statistical tests; Textures; Trees (mathematics); Aerial vehicle; Causal inferences; Double machine learning; Genetic backgrounds; Leaf Area Index; Machine-learning; Multi-modal; Multimodal data; Remote-sensing; Unmanned aerial vehicle; aerial photography; imagery; leaf area index; machine learning; maize; remote sensing; unmanned vehicle; Remote sensing; Unmanned aerial vehicles (UAV)","Article","Final","","Scopus","2-s2.0-105042993571"
"Zhang B.; Cheng L.; Chen S.; Zeng H.","Zhang, Bianhao (59703309900); Cheng, Long (59367229900); Chen, Shuyu (59539014300); Zeng, Huasheng (58955944600)","59703309900; 59367229900; 59539014300; 58955944600","How does digital economy affect food system resilience? A quasi-natural experiment on China’s smart city pilot policy using double machine learning","2025","Frontiers in Sustainable Food Systems","9","","1672125","","","5","10.3389/fsufs.2025.1672125","https://www.scopus.com/pages/publications/105025157777?origin=resultslist","Introduction: Digitalization has facilitated the transformation and modernization of traditional agricultural inputs, leading to the fast expansion of the digital economy in recent years, which presents a crucial opportunity to bolster food system resilience (FSR). This study utilizes a double machine learning (DML) approach and exploits China’s Smart City Pilot (SC) policy as a quasi-natural experiment to explore the internal mechanisms through which the digital economy impacts FSR, thereby offering valuable implications for global food security. Methods: This study considers China’s SC policy as an exogenous shock to denote the advancement of the digital economy. It uses a DML model to evaluate the influence of the digital economy on FSR and its underlying mechanisms, as well as a spatial econometric model to investigate potential spillover effects. Results and discussion: The digital economy significantly enhances FSR. The development of digital inclusive finance, enhancement of agricultural labor productivity, and the deepening of agricultural product processing constitute critical pathways through which the digital economy contributes to FSR. The digital economy exerts a more pronounced influence on enhancing the adaptive and transformative dimensions of FSR, particularly by fostering synergies with major grain-producing regions. Moreover, the positive effects of the digital economy on FSR are more pronounced in regions characterized by higher farmer income levels, more developed economies, and greater degrees of urbanization. Further analysis indicates that the digital economy generates positive spatial spillover effects on FSR, indicating that it not only strengthens local resilience but also promotes improvements in neighboring regions. Conclusion: To further strengthen FSR, it is imperative to enhance digital infrastructure and develop a solid digital basis. Systematically drive comprehensive digital transformation throughout the whole food industry chain to boost food production along with quality. A coordinated digital economy development strategy should be devised. Copyright © 2025 Zhang, Cheng, Chen and Zeng.","digital economy; double machine learning; food security; food system resilience; smart city pilot policy","","Article","Final","All Open Access; Gold Open Access; Green Open Access","Scopus","2-s2.0-105025157777"
"Fang S.; Zhu P.","Fang, Shunchao (59170003100); Zhu, Pingfang (55420602700)","59170003100; 55420602700","Exploring the impact of the internet on income inequality in rural households; [互联网对于农户收入不平等的影响探究]","2024","Xitong Gongcheng Lilun yu Shijian/System Engineering Theory and Practice","44","5","","1450","1467","3","10.12011/SETP2023-2467","https://www.scopus.com/pages/publications/85195816477?origin=resultslist","This article aims to explore the impact of the internet on income inequality among rural households. Through the analysis of data from China Family Panel Studies, it is found that although the internet can significantly alleviate the inequality in total income and wage income among rural households, its effect on alleviating inequality in entrepreneurial income is limited, and it may exacerbate inequality in household property income. Based on this finding, this article analyzes the mechanism of its impact from the perspective of household income sources, revealing that the internet mainly reduces the wage income gap by pulling rural labor force into the non-agricultural sector, thereby alleviating household income inequality. Meanwhile, households with original capital accumulation are more likely to benefit from the internet, which exacerbates property income inequality. In addition, this article introduces the causal forest algorithm and, from the perspective of human capital, analyzes the heterogeneous effects of the internet on individual-level inequality in wage income and property income among rural households. The results show that the alleviation of wage income inequality is mainly manifested in households with low human capital, while the exacerbation of property income inequality is mainly manifested in households with high human capital. © 2024 Systems Engineering Society of China. All rights reserved.","causal forest; individual heterogeneity; rural household income inequality; source of income","Analysis of data; Causal forest; Household income; Human capitals; Income inequality; Individual heterogeneity; Property; Rural household income inequality; Rural households; Source of income; Wages","Article","Final","","Scopus","2-s2.0-85195816477"
"Zhang H.; Yin G.; He Y.; Liu Y.; Luo H.; Zhang J.; Zhou B.; Liu Z.; Zhang X.; Zhu X.; Shao Y.; Lian R.; Xiang C.; Wei Y.; Wang X.; Yuan X.; Zhu Z.; Chen X.; Jiang C.","Zhang, Huijie (57282927600); Yin, Guodong (60161819100); He, Yuhua (55451111000); Liu, Yujiao (56940161600); Luo, Hongmei (60161819200); Zhang, Jijun (36086954400); Zhou, Bin (59589815400); Liu, Zhenxing (57183273700); Zhang, Xiaoyan (57193643965); Zhu, Xu (57213173300); Shao, Yang (58034212600); Lian, Rongfang (57773262800); Xiang, Chao (59087076900); Wei, Yunshan (60161999900); Wang, Xuejun (55757294700); Yuan, Xingxing (24339903600); Zhu, Zhendong (55614038300); Chen, Xin (57133899500); Jiang, Changyi (59655840200)","57282927600; 60161819100; 55451111000; 56940161600; 60161819200; 36086954400; 59589815400; 57183273700; 57193643965; 57213173300; 58034212600; 57773262800; 59087076900; 60161999900; 55757294700; 24339903600; 55614038300; 57133899500; 59655840200","Evaluation of Food Legumes Pest and Disease Control in China: Evidence Using a Provincial-Level Dataset","2025","Agronomy","15","10","2404","","","1","10.3390/agronomy15102404","https://www.scopus.com/pages/publications/105020166677?origin=resultslist","Food legumes play a pivotal role in China’s food security, nutritional health, and green development strategies due to their unique advantages. This paper presents an empirical study on the economic evaluation of scientific research on pest and disease control for food legumes. Using panel data from 31 Chinese provinces from 2008 to 2023, we employ a Double Machine Learning (DML) approach to identify the impact of investment in plant protection research on food legume outputs. The results indicate a steady increase in China’s investment in this field, with an average annual growth rate of 5.19% from 2008 to 2023, and the total investment in 2023 was 2.14 times that of 2008. Investment in plant protection research effectively mitigates output losses and leads to significant production increases. Specifically, a 1% increase in research investment corresponds to a 0.2% increase in food legume output. This effect remains robust across various algorithms, time windows, and control variable settings. Based on these findings, we recommend: (1) increasing financial support and talent acquisition for research on food legume pests and diseases to enhance the stability and sustainability of research investment; (2) strengthening cooperation mechanisms between research institutions and enterprises to leverage their respective strengths and promote the commercialization of research outcomes and regional variety extension; (3) establishing a diversified research investment system that explores a co-construction model guided by the government, involving enterprises, and utilizing public–private partnerships to reconcile the conflict between long research cycles and market demands; (4) fostering a dual-track linkage between regional technological innovation and enterprise product commercialization to improve the efficiency of technology transfer and application; and (5) strengthening R&D in cutting-edge fields like Artificial Intelligence to improve the efficiency and precision of pest and disease control. © 2025 by the authors.","China; double machine learning model; food legumes; pests and diseases control; research and development","China; agricultural market; commercialization; data set; disease control; growth rate; investment; panel data; pest control; technology transfer","Article","Final","All Open Access; Gold Open Access; Green Open Access","Scopus","2-s2.0-105020166677"
"Wang J.; Li Z.; Chen Y.; Han S.; Kong L.","Wang, Jiayou (58137345600); Li, Zhi (57203642166); Chen, Yaning (55900043700); Han, Shiru (59945718400); Kong, Lingxin (58851834500)","58137345600; 57203642166; 55900043700; 59945718400; 58851834500","Hybrid causal inference framework for long-chain drought propagation networks: Combining convergent cross-mapping and generalized random forest","2025","Ecological Indicators","178","","113939","","","3","10.1016/j.ecolind.2025.113939","https://www.scopus.com/pages/publications/105011679999?origin=resultslist","Unveiling the causal mechanisms of long-chain drought propagation is crucial for understanding drought evolution, optimizing water resource management, and enhancing agricultural and socioeconomic drought resilience. The hydrological cycle in inland river basins of arid regions operates as a closed system with diverse recharge sources. In these areas, drought propagation exhibits strong high-dimensional nonlinearity, making it difficult for traditional linear models and time–frequency analysis methods to capture the complex dynamic causal relationships. To overcome this limitation, we developed a framework that integrates convergent cross-mapping (CCM) and generalized random forest (GRF) to assess long-chain drought propagation at the regional scale, using the Tarim River Basin in China as a case study. This framework enables systematic analysis of propagation pathways, lagged feedback, and driving mechanisms. The propagation intensities of meteorological drought to hydrological, agricultural, and ecological droughts were 0.7, 0.4, and 0.8, with time lags of 2, 5, and 8 months, respectively. The feedback effect was relatively weak (0.2–0.4), with a long lag period (up to 12 months), demonstrating causal asymmetry and long-term accumulation. Significant heterogeneity was observed in the causal intensities of different drought types, with average heterogeneity effects ranging from 0.2 to 0.47. Soil moisture (16.03 %) and potential evapotranspiration (14.28 %) were identified as the key drivers of long-chain drought propagation. These findings enhance understanding of drought-induced ecological risks and offer a transferable framework for analyzing drought evolution, supporting ecosystem resilience and sustainable water governance across diverse regions facing complex hydroclimatic extremes. © 2025 The Author(s)","Causal network inference; Convergent Cross Mapping (CCM); Generalized Random Forest (GRF); Long-chain drought propagation","China; Tarim River; Xinjiang Uygur; Agronomy; Chains; Complex networks; Drought; Ecosystems; Forest ecology; Mapping; Random forests; Water conservation; Water management; Watersheds; Causal inferences; Causal network; Causal network inference; Convergent cross mapping; Generalized random forest; Long chains; Long-chain drought propagation; Network inference; Random forests; Water resources management; drought; ecosystem resilience; hydrological cycle; hydrometeorology; potential evapotranspiration; recharge; water resource; Soil moisture","Article","Final","All Open Access; Gold Open Access; Green Open Access","Scopus","2-s2.0-105011679999"
"Schulz D.; Stetter C.; Muro J.; Spekker J.; Börner J.; Cord A.F.; Finger R.","Schulz, Dario (57219441864); Stetter, Christian (57522367800); Muro, Javier (57191268605); Spekker, Jonas (59332554200); Börner, Jan (23033270300); Cord, Anna F. (34881399900); Finger, Robert (56214874700)","57219441864; 57522367800; 57191268605; 59332554200; 23033270300; 34881399900; 56214874700","Trade-offs between grassland plant biodiversity and yields are heterogenous across Germany","2024","Communications Earth and Environment","5","1","514","","","9","10.1038/s43247-024-01685-0","https://www.scopus.com/pages/publications/85204311479?origin=resultslist","Grasslands are key for food security and provide important ecosystem services. Intensive management, such as frequent mowing, increases productivity but decreases other ecosystem services as well as plant biodiversity. We here estimate large scale effects of mowing frequency on plant species richness and provide spatial assessments of yield-species richness trade-offs. We use a unique, multisource remote sensing-based dataset covering all permanent agricultural grassland fields across Germany (N = 1,313,073) over four years to estimate the causal impact of mowing frequency, as a proxy of grassland management intensity, on plant species richness. We identify spatially explicit and heterogeneous treatment effects using generalized random forests. We find that more frequent mowing significantly reduces plant species richness, but these effects vary by environmental and socioeconomic context. We quantify the trade-offs between species richness and yield due to changes in mowing frequency, finding an average cost of 126 euros per additional plant species, and demonstrate how spatial targeting can improve the cost-effectiveness of a hypothetical conservation policy, reducing this cost to 51 euros per species. Motivated by the 30 by 30 goal to protect 30% of terrestrial ecosystems by 2030, we further estimate opportunity cost of marginally extensifying 30% of German grasslands to be 131–181 million euros annually, depending on targeting priorities. © The Author(s) 2024.","","Germany; biodiversity; crop yield; grassland; heterogeneity; species richness; trade-off","Article","Final","All Open Access; Gold Open Access; Green Open Access","Scopus","2-s2.0-85204311479"
"Wang X.; Li D.; Shi C.; Liang X.; Xie Y.","Wang, Xinrui (57196348839); Li, Dongqing (57216978058); Shi, Chenming (60733440000); Liang, Xian (57490915900); Xie, Yi (57199814045)","57196348839; 57216978058; 60733440000; 57490915900; 57199814045","Is fertilizer reduction always ecologically friendly? Evidence of defensive disinvestment under human-wildlife conflict in rural China","2026","Journal of Rural Studies","126","","104293","","","0","10.1016/j.jrurstud.2026.104293","https://www.scopus.com/pages/publications/105044382668?origin=resultslist","As wildlife populations recover and human–wildlife interactions intensify, human–wildlife conflict (HWC) has become a major challenge for sustaining agricultural livelihoods while achieving biodiversity conservation goals. Although a growing body of research has documented the adverse effects of HWC on agricultural production, little is known about the behavioral logic underlying farmers' input responses to wildlife-related risks. This study develops a microeconomic model of farmers' optimal fertilizer decisions under HWC and proposes a behavioral framework that distinguishes defensive disinvestment from ecological adaptation. Using survey data from 1,003 farming households in Yunnan Province, China, collected in 2022, we employ a double machine learning (DML) approach to estimate the causal effect of HWC on fertilizer use and to identify the mechanisms underlying farmers’ responses. The results show that: (1) HWC significantly reduces fertilizer application intensity. (2) Mediation analysis reveals that the reduction in fertilizer use is primarily attributable to labor reallocation and heightened risk perception. Although HWC promotes ecological cognition, such cognitive changes do not translate into measurable adjustments in fertilizer application. (3) Heterogeneity analysis further suggests that the disinvestment effect is more pronounced among smallholders, households located near nature reserves, and households closer to county centers.These findings suggest that reduced fertilizer use in HWC-affected areas reflects economic withdrawal rather than a transition toward sustainable agriculture, potentially undermining long-term soil fertility and agroecosystem resilience. Policies should therefore move beyond ex post damage compensation and strengthen risk-sharing mechanisms, livelihood support, and institutional arrangements that enable farmers to maintain productive investment while coexisting with wildlife. © 2026 Elsevier Ltd.","Defensive disinvestment; Double machine learning; Fertilizer use; Human-wildlife conflict","China; Yunnan; fertilizer application; livelihood; nature-society relations; rural area; wild population; wildlife management","Article","Final","","Scopus","2-s2.0-105044382668"
"Yan N.","Yan, Nana (59302096100)","59302096100","Peer effects on rural household carbon emissions in China","2025","Scientific Reports","15","1","18109","","","3","10.1038/s41598-025-02315-1","https://www.scopus.com/pages/publications/105005786012?origin=resultslist","Household carbon emissions are a key area for China to achieve carbon reduction, which is closely related to the goal of peaking carbon emissions and achieving carbon neutrality. Based on the China Family Panel Studies (CFPS) data from 2012 to 2020 and the Carbon Emission Accounts and Datasets (CEADs), the carbon emissions of rural households in China were measured. A systematic study was conducted using double/debiased machine learning method and Probit (Logit) models to investigate the relationship and mechanism between the same group effect and household carbon emissions. The results indicate that: (1) The peer effect has a significant positive impact on carbon emissions of rural households in China, and promoting green lifestyles can have an impact on individuals’ low-carbon decisions through the reference group. (2) The mechanism by which the peer effect affects the carbon emissions of rural residents in China is mainly through informational and normative social influences. The former reveals that the carbon emissions of low social status families in various regions (counties) are influenced by the average level of carbon emissions of high social status families, indicating that farmers’ carbon consumption behavior depends on information provided by others; The normative social impact emphasizes that when there is a significant difference in carbon consumption between households and surrounding populations, it is not conducive to obtaining a higher sense of social belonging, and this impact has a lag effect. (3) The impact of the peer effect on farmers’ carbon emissions is heterogeneous. Compared with low-income families, the same group effect has a relatively greater impact on carbon emissions of high-income farmers; compared with the central and western regions, the peer effect has a relatively greater impact on the carbon emissions of farmers in the eastern region. © The Author(s) 2025.","Double machine learning method; Heterogeneity; Mechanism of action; Peer effect; Rural household carbon emissions","carbon; agricultural worker; article; carbon emission; carbon neutrality; high socioeconomic status; highest income group; household; human; lifestyle; low socioeconomic status; lowest income group; machine learning; panel study; rural population","Article","Final","All Open Access; Gold Open Access; Green Open Access","Scopus","2-s2.0-105005786012"
"Su P.; Xiang G.; Zhou J.","Su, Peitian (57217170679); Xiang, Guo (60618880400); Zhou, Jianping (57226798028)","57217170679; 60618880400; 57226798028","Integration of digital economy and agriculture on green utilization efficiency of agricultural land: evidence from inter-provincial border counties","2026","Environment, Development and Sustainability","","","","","","0","10.1007/s10668-026-07679-6","https://www.scopus.com/pages/publications/105038189042?origin=resultslist","Agricultural land use faces multiple challenges such as low land use efficiency, intensified environmental pollution and unreasonable resource allocation. While certain research has centred on improving the green utilization efficiency of agricultural land (GUEAL), shortcomings remain in the in-depth analysis of inter-provincial border counties (IPBCs). This study uses data from 879 IPBCs from 2011 to 2022 and the super-efficiency slacks-based measure (SE-SBM) model to quantify county-level GUEAL, treating the National Comprehensive Demonstration Counties for E-commerce in Rural Areas (NCDCERA) policy as an exogenous shock to the integration of the digital economy and agriculture (IDEA). We employ a double machine learning (DML) model to analyse its impact on GUEAL. The results indicate that the NCDCERA policy has exerted a significantly positive effect on enhancing GUEAL. We validate this conclusion with multiple robustness tests, providing empirical support for the IDEA’s green agricultural development promotion. Mechanism tests reveal that the IDEA primarily affects GUEAL by promoting the emergence of new agricultural forms and promoting large-scale production. The policy synergy analysis demonstrates that coordinated implementation of intensive use land policies, characteristic agricultural product advantage zone policies and the NCDCERA policy amplifies GUEAL improvement. Heterogeneity analysis reveals significant spatial differences in policy effects and land levelling conditions, indicating that the IDEA requires strategically targeted promotion of agricultural modernisation and green development. This study’s conclusions offer theoretical insights for improving IDEA-related policy and IPBCs’ sustainable agricultural development. © The Author(s), under exclusive licence to Springer Nature B.V. 2026.","Agricultural business models; Double machine learning; Policy evaluation; Rural e-commerce policy; Sustainable agricultural","","Article","Article in press","","Scopus","2-s2.0-105038189042"
"Wang Y.; Cui X.; Shao G.; Zhang Y.; Zhang L.; Li G.","Wang, Yi (60557854900); Cui, Xitong (60558332500); Shao, Guomin (57202641611); Zhang, Ying (60750764800); Zhang, Liyuan (57192169932); Li, Guang (56706618500)","60557854900; 60558332500; 57202641611; 60750764800; 57192169932; 56706618500","Causal-driven interpretable prediction of county-level maize yield: A case study of the Yellow River irrigation district; [因 果 启 发 的 县 域 玉 米 产 量 可 解 释 预 测—— 以 引 黄 灌 区 为 例]","2026","Journal of China Agricultural University","31","9","","307","327","0","10.11841/j.issn.1007-4333.2026.09.23","https://www.scopus.com/pages/publications/105045249871?origin=resultslist","In the arid and semi-arid Yellow River irrigation districts of northwestern China，maize yield is jointly influenced by multiple factors including remote sensing，meteorological，soil，and irrigation conditions. The widespread presence of multicollinearity，information redundancy，and potential spurious correlations among these variables limits the predictive stability and interpretability of conventional correlation-driven models. To address this issue，this study developed a framework integrating Causal forest，Temporal convolutional network，and Temporal attention mechanism（CF-TCN-TA）for county-level maize yield prediction. The framework first employs Causal forest to estimate the potential effects of multi-source variables on maize yield and to identify key driving factors with strong explanatory significance，thereby mitigating the impact of redundant variables and potential spurious correlations on model training. Subsequently，the selected key variables are fed into a Temporal convolutional network to extract temporal variation characteristics during the maize growing season，and a Temporal attention mechanism is incorporated to adaptively enhance the information contribution of critical months. Validation was conducted using county-level maize yield data and multi-source remote sensing，meteorological，and soil data from the Ningxia Hui Autonomous Region from 2019 to 2023. The results indicated that the CF-TCN-TA model achieved the optimal predictive performance，with a coefficient of determination（R2）of 0. 830 3，a root mean square error（RMSE）of 882. 54 kg/hm2，a mean absolute error（MAE）of 706. 60 kg/hm2，and a mean absolute percentage error（MAPE）of 10. 80%，consistently outperforming conventional machine learning models and standard deep learning models. Causal effect evaluation further revealed that soil pH，deep-layer field water-holding capacity，air temperature，and remote sensing indicators such as the fraction of photosynthetically active radiation（FPAR）and the enhanced vegetation index（EVI）were among the important driving factors influencing spatial variations in county-level maize yield within the study area. The integration of causal-driven feature selection and temporal attention modeling can enhance model interpretability while improving yield estimation accuracy，offering a methodological reference for county-level maize yield monitoring and agricultural production management in the arid and semi-arid Yellow River irrigation districts of northwestern China. © 2026 China Agricultural University. All rights reserved.","causal forest; county-level; interpretable modeling; maize yield prediction; temporal attention mechanism; temporal convolutional network; Yellow River irrigation district","","Article","Final","","Scopus","2-s2.0-105045249871"
"Kitano S.","Kitano, Shinichi (57202455234)","57202455234","Formation factors and effects on common property resource conservation of community farms","2020","Sustainability (Switzerland)","12","12","5137","","","7","10.3390/su12125137","https://www.scopus.com/pages/publications/85086924103?origin=resultslist","In recent decades, there has been a global debate over who should manage common property resources (CPRs) related to agriculture. Because rational and efficient farmers only work farmland with good conditions or leave for other industries, in areas where production conditions are poor, local resources that were once collectively maintained are no longer managed. The Japanese government has positioned community farms (CFs) as an important player in local agriculture and has been striving to develop them. This study clarifies whether the formation and development of these CFs are functioning effectively for the conservation of local resources. Specifically, we use the propensity score matching method to measure the average treatment effect of CF formation and development on CPR conservation activities and the prevention of cultivation abandonment. In particular, this study tests the hypothesis that farmers are reluctant to develop CFs extensively because their effects on CPR conservation are uncertain. The results show that at the early stage, the formation of CFs has a significantly positive effect on the promotion of CPR conservation, but its wide-area development is counterproductive to CPR management, suggesting that resourceful support is needed according to local conditions. © 2020 by the authors.","Common property resource; Community farm; Conservation activities; Heterogeneous treatment effect; Propensity score matching","agricultural land; common property resource; cultivation; government; management practice","Article","Final","All Open Access; Gold Open Access","Scopus","2-s2.0-85086924103"
"Zhang Y.; Liu Y.","Zhang, Yuxiang (60772289700); Liu, Yizao (55502750900)","60772289700; 55502750900","Behavioral Coping With Food Price Inflation: Patterns Among U.S. Households","2026","Applied Economic Perspectives and Policy","","","","","","0","10.1002/aepp.70124","https://www.scopus.com/pages/publications/105048191137?origin=resultslist","Recent food price inflation has placed substantial pressure on household budgets, food security, and mental well-being. Using Household Pulse Survey data, we combine k-modes clustering and Double Machine Learning to identify distinct household coping groups and examine differences in how households respond to rising food prices across groups. Results show that higher food prices are associated with increased grocery and prepared meal spending, elevate risks of food insufficiency, and worsen mental health conditions, with heterogeneity across coping groups. Households employing moderate substitution strategies show limited buffering, while those using more intensive coping behaviors remain highly vulnerable, highlighting the need for policy responses that address the multiple, co-occurring dimensions of hardship including food access, financial strain, and mental health, rather than any single dimension in isolation. © 2026 The Author(s). Applied Economic Perspectives and Policy published by Wiley Periodicals LLC on behalf of Agricultural & Applied Economics Association.","clustering; coping strategies; double machine learning; food price inflation","","Article","Article in press","All Open Access; Hybrid Gold Open Access","Scopus","2-s2.0-105048191137"
"Caracciolo F.; Furno M.","Caracciolo, Francesco (57200742905); Furno, Marilena (6602218260)","57200742905; 6602218260","Differentiated Impacts of EU Rural Development Measures: A Finite Mixture Evaluation of Italian Olive Farms","2026","Applied Economic Perspectives and Policy","","","","","","0","10.1002/aepp.70108","https://www.scopus.com/pages/publications/105044261073?origin=resultslist","This paper examines the relationship between participation in the EU Rural Development Program and the economic performance of Italian olive farms using a finite-mixture model with inverse-probability-weighted regression adjustment. Based on 2010–2022 FADN panel data, it estimates heterogeneous treatment effects while correcting for selection bias. Results suggest that RDP participation is associated with higher net income, by about EUR 280/ha on average. Two farm clusters emerge, also reflecting different typologies of rural development program measure packages: family-run farms in disadvantaged areas are often associated with agro-climatic environmental commitments and related packages and gain about €265/ha. By contrast, more profitable and labor-intensive farms are more frequently linked to less adopted measures and benefit only marginally. A Monte Carlo simulation assesses the estimator's performance under a controlled data-generating process. The study highlights the need to account for structural heterogeneity in policy evaluation and supports data-driven rural development strategies. © 2026 The Author(s). Applied Economic Perspectives and Policy published by Wiley Periodicals LLC on behalf of Agricultural & Applied Economics Association.","agricultural policies; FADN; finite-mixture model; treatment effect","","Article","Article in press","All Open Access; Hybrid Gold Open Access","Scopus","2-s2.0-105044261073"
"Zhang Y.; Zheng Y.; Xu J.","Zhang, Yuedong (58956200200); Zheng, Yifang (57191887649); Xu, Jiaxian (58957178100)","58956200200; 57191887649; 58957178100","The Impact of Agricultural Technology Services on the Efficiency of Green Grain Production: An Analysis based on the Generalized Stochastic Forest Model","2024","Journal of Resources and Ecology","15","2","","243","257","7","10.5814/j.issn.1674-764x.2024.02.001","https://www.scopus.com/pages/publications/85188729062?origin=resultslist","The green production of food currently faces the challenge of technological shortage. As agricultural technology services are an important source of technical knowledge for farmers, it is of great significance to explore how agricultural technology services influence the efficiency of green food production in order to improve its productivity. This study utilized data from the China Land and Economy Survey (CLES). Firstly, the three-stage DEA model was used to calculate the efficiency of green food production. Secondly, the generalized random forest model was used to empirically test the impact, heterogeneity, and pathways of agricultural technology services on the efficiency of green food production. This study found that: (1) Agricultural technology services have a significant positive impact on the efficiency of green food production. Among the stages, pre-production and mid-production agricultural technology services significantly improve the efficiency of green food production. However, post-production agricultural technology services do not show a significant impact. Additionally, the combination of agricultural technology services has a significant improvement effect on the efficiency of green food production. (2) The marginal effects of resource allocation by farmers have heterogeneity in terms of the impact on the efficiency of agricultural technology services in improving green food production. An increase in the proportion of the family agricultural labor force and the expansion of family-operated arable land scale significantly reduce the returns of agricultural technology services. (3) An analysis of mechanism variables showed that agricultural technology services mainly affect the efficiency of green food production through pesticide and fertilizer usage behavior, and significantly contribute to its improvement. The government should expand the scope of agricultural technology services and fully utilize their potential to improve the efficiency of green food production. Tailored strategies and policies should be implemented to guide the concept of green production during the provision of agricultural technology services, thereby promoting sustainable agricultural practices among farmers. © 2024, Editorial office of Journal of Resources and Ecology. All rights reserved.","agricultural technical services; generalized random forests; green food production efficiency","China; agricultural production; agricultural technology; alternative agriculture; farmers knowledge; food production; green economy; productivity","Article","Final","","Scopus","2-s2.0-85188729062"
"Jiang W.; Yang H.; Liu C.","Jiang, Wenjie (59586647000); Yang, Hong (57904203700); Liu, Chunyu (59585806000)","59586647000; 57904203700; 59585806000","Deeper Effects of fiscal multidimensional poverty reduction: household characteristics, financial lags and elite capture","2025","PLoS ONE","20","2 February","e0319255","","","4","10.1371/journal.pone.0319255","https://www.scopus.com/pages/publications/85218456953?origin=resultslist","The governance of multidimensional relative poverty is a key challenge in rural poverty alleviation in the new era, as well as an important practice of the implementation of the United Nations Sustainable Development Goals in China. Based on provincial fiscal and financial data as well as data from the China Family Panel Studies (CFPS), this article employs multilevel linear regression and structural equation modeling to empirically examine the impact and mechanisms of fiscal investment in agriculture on multidimensional relative poverty among farmers. The research results indicate that fiscal investment in agriculture can effectively alleviate multidimensional relative poverty among rural households, and this conclusion still holds after the robustness and endogeneity tests of traditional measurement and Double Machine Learning. However, differences in household characteristics affect the performance of fiscal poverty alleviation. Households in the central and western regions, with larger family sizes, younger members, and lower levels of education, exhibit higher policy responsiveness. In terms of mechanisms, digital inclusive finance and social capital serve as important channels for fiscal multidimensional poverty reduction. However, attention should be paid to the positive lag effect of digital inclusive finance and the risk of “elite capture” in households with low levels of social capital. Accordingly, the article recommends that fiscal spending should be increased and made more efficient, with precise policy measures, strengthened institutional coordination, and efforts to cultivate optimal levels of social capital. While the article is limited by data availability to allow for a more in-depth and complex discussion, it still provides insights for fiscal strategies aimed at building high-quality shared prosperity. © 2025 Jiang et al. This is an open access article distributed under the terms of the Creative Commons Attribution License, which permits unrestricted use, distribution, and reproduction in any medium, provided the original author and source are credited.","","Agriculture; China; Family Characteristics; Female; Humans; Male; Poverty; Rural Population; Social Capital; Socioeconomic Factors; agricultural worker; agriculture; article; China; data availability; family size; household; human; investment; linear regression analysis; machine learning; open access publishing; panel study; poverty; social capital; structural equation modeling; sustainable development goal; economics; family structure; female; male; rural population; socioeconomics","Article","Final","All Open Access; Gold Open Access; Green Open Access","Scopus","2-s2.0-85218456953"
"Kwak K.; Lee J.; Jeong D.; Lee M.; Lee Y.; Knappett P.S.K.; Kim M.; Lee C.-M.","Kwak, Kyungwon (58760061200); Lee, Jinwoo (60905324200); Jeong, DoHwan (57902598600); Lee, MinKyeong (58746687100); Lee, Yongmoon (57201926254); Knappett, Peter S.K. (26434785300); Kim, MoonSu (56122984400); Lee, Chung-Mo (57188824015)","58760061200; 60905324200; 57902598600; 58746687100; 57201926254; 26434785300; 56122984400; 57188824015","Causal inference for managing groundwater nitrate levels: toward causation-based prescriptive analytics from correlation-based predictive analytics","2027","Water Research","308","","126945","","","0","10.1016/j.watres.2026.126945","https://www.scopus.com/pages/publications/105051074908?origin=resultslist","This study advances groundwater nitrate management from correlation-based predictions toward causation-based prescriptions, enabling direct translation of scientific modeling outputs into actionable land use management strategies. A nationwide dataset of 3569 groundwater well samples collected across South Korea between 2023 and 2024 was integrated with high-resolution land use, elevation, and hydrogeologic unit data. The framework consisted of three phases: (i) descriptive statistical analysis to characterize spatial and hydrogeochemical patterns of groundwater chemistry, (ii) a correlation-based Random Forest (RF) model to benchmark predictive performance, and (iii) a causation-based Double Machine Learning (DML) model to quantify the causal effect of agricultural land use on groundwater nitrate concentrations. The RF model achieved strong predictive accuracy (R² = 0.53, mean absolute error = 2.26 mg/L NO3–N) but showed a negative effect estimate when agricultural land increased by 10 percentage-points, highlighting the risk of deriving prescriptive conclusions from purely correlation-based models. In contrast, the DML model, controlling for elevation and hydrogeologic unit as confounders, estimated that a 10 percentage-point increase in agricultural land use within 200 m of a well would increase NO3–N concentration by approximately 0.16 mg/L under identical hydrogeologic conditions. To the authors’ knowledge, this represents one of the first national-scale applications of a causal modeling framework in groundwater nitrate research that directly provides prescriptive estimates for land use targets. These results demonstrate the necessity of causal inference for policy-relevant groundwater quality management and provide a transferable framework for prescribing interventions to achieve groundwater-quality goals. © 2026 The Author(s)","Causal inference; Double Machine Learning; Groundwater nitrate; Land use management; Prescriptive analytics; Random forest; South Korea","South Korea; Agriculture; Benchmarking; Groundwater; Hydrochemistry; Hydrogeology; Land use; Learning systems; Machine learning; Predictive analytics; ground water; nitrate; nitrogen; Causal inferences; Double machine learning; Groundwater nitrates; Hydrogeologic unit; Land-use management; Machine-learning; Prescriptive analytic; Random forest modeling; Random forests; South Korea; agricultural land; concentration (composition); correlation; groundwater; hydrogeochemistry; land use; land use change; machine learning; nitrate; statistical analysis; water quality; agricultural land; Article; controlled study; directed acyclic graph; land use; machine learning; prediction; predictive model; principal component analysis; South Korea; total quality management; wastewater; water quality; Nitrates","Article","Final","All Open Access; Hybrid Gold Open Access","Scopus","2-s2.0-105051074908"
"Fang Y.; Shi Y.; Xu L.","Fang, Yinjie (60653944100); Shi, Yijun (57202514331); Xu, Lihua (55732536600)","60653944100; 57202514331; 55732536600","Causal Effects and Spatial Spillovers of Agricultural Talent Policies on Urban–Rural Integration in China: A Double Machine Learning Approach","2026","Sustainability (Switzerland)","18","10","4742","","","0","10.3390/su18104742","https://www.scopus.com/pages/publications/105040193200?origin=resultslist","The dual urban–rural structure severely restricts sustainable and equitable development in China. While agricultural talent policies aim to break down these barriers, their actual net effects and spatial spillovers remain unclear due to the limitations of traditional linear models in handling complex, high-dimensional confounding factors (the research gap). The objective of this study is to accurately identify the causal impacts of these policies on urban–rural integration across 31 major Chinese cities from 2011 to 2024. We utilized text mining to construct a continuous policy intensity index and established a multidimensional integration evaluation system. Crucially, a double machine learning (DML) approach was employed to isolate the net policy effects. The results demonstrate the following: (1) Overcoming the negative bias of classical methods, the DML reveals a significant positive causal effect of talent policies on local urban–rural integration. (2) However, strong policies in central cities create significant negative spatial spillovers (siphon effects) on neighboring peripheral regions, exacerbating spatial injustice. (3) Feature analysis indicates that agricultural productivity is the primary driver of integration, while policies serve as essential catalysts. These findings emphasize that sustainable urban–rural integration requires a shift from zero-sum local competition to coordinated regional talent governance. © 2026 by the authors.","causal inference; coordinated urban–rural development; double machine learning (DML); policies for agricultural talents; rural restructuring; spatial spillover effects","","Article","Final","All Open Access; Gold Open Access","Scopus","2-s2.0-105040193200"
"Han J.; Ge W.; Chou Y.","Han, Jiabin (57211993427); Ge, Wenting (59423782000); Chou, Yixiu (59423276600)","57211993427; 59423782000; 59423276600","Leveraging digital infrastructure for sustainable grain production: evidence from China","2024","Frontiers in Sustainable Food Systems","8","","1440321","","","17","10.3389/fsufs.2024.1440321","https://www.scopus.com/pages/publications/85210082579?origin=resultslist","Introduction: Agriculture faces significant challenges in ensuring global food security while minimizing resource costs and environmental impacts. The development of digital infrastructure offers transformative potential for agricultural systems and aligns with the United Nations Sustainable Development Goals. This study examines the role of digital infrastructure in enhancing grain production capacity in China, a key player in the global food system. Methods: We analyzed data from 277 prefecture-level cities in China from 2011 to 2021. A double machine learning model was employed to empirically assess the impact of digital infrastructure on grain production capacity, allowing for robust insights into causal relationships. Results: Results reveal that digital infrastructure significantly enhances grain production. Mechanism analysis results indicate that digital infrastructure construction drives agricultural technological advancements and farmland scale, contributing to increased production capacity. Heterogeneity analysis results show that the impact of digital infrastructure construction is significant in major grain-producing regions and the central-eastern regions, while its effects are relatively limited in grain production-consumption balanced regions, main grain consumption regions, and the western regions. Discussion: The results underscore the importance of strengthening digital infrastructure in rural areas to improve grain production capacity. Tailored policy implications are suggested to enhance sustainable food production and contribute to global food security, particularly in regions with varying agricultural dynamics. Copyright © 2024 Han, Ge and Chou.","digital infrastructure; double machine learning; food security; sustainable grain production; technology innovation","","Article","Final","All Open Access; Gold Open Access","Scopus","2-s2.0-85210082579"
"Xi J.; Boateng S.A.; Agyei K.D.","Xi, Jiancheng (59457491100); Boateng, Seth Acquah (59298181600); Agyei, Kelvin Dankwah (60227993300)","59457491100; 59298181600; 60227993300","Agricultural Productivity-Driven Renewable Energy Adoption and Mechanisms in Developing Economies: A Double Machine Learning Approach","2026","Sustainable Development","34","3","","3586","3601","0","10.1002/sd.70546","https://www.scopus.com/pages/publications/105024094554?origin=resultslist","Sub-Saharan Africa is facing challenges surrounding energy access, as around 750 million people have limited access to electricity. Meanwhile, rural households rely mainly on agriculture as a major source of income. The relationship between energy demand and agricultural production can help us identify effective rural electrification methods. This study analyses whether improved productivity in agriculture contributes to decentralised renewable energy use in Ghana, utilising double machine learning (ML) methods to address concerns surrounding endogeneity. The study applied random forest techniques, accompanied by cross-validation approaches, to estimate data from 21,583 area samples to identify market access, infrastructure improvement and wealth as probable causal channels in the market. The findings revealed that an increase in productivity by one unit increases energy demand by 1.127 kWh when market access becomes a leading channel. Significant relationships are observed among variables like distance to market centres, road network and grid accessibility, whereas correlations surrounding wealth and infrastructure show mixed results. Channel-based relationships show robust strength using different ML procedures, including different cross-validation setups. The study recommends targeted rural energy investments proportionate to levels of productivity in agriculture, the implementation of integrated infrastructure programmes to raise market accessibility and the restructuring of funding mechanisms within the entire marketing cycle of agriculture, rather than relying on household accumulation of wealth. These recommendations emphasise coordinated rural development initiatives aiming to push forward productivity in agriculture alongside increased access to renewable energy sources. © 2025 ERP Environment and John Wiley & Sons Ltd.","agricultural productivity; double machine learning; market access; renewable energy adoption; rural development","Ghana; agricultural production; alternative energy; developing world; machine learning; market system; rural development","Article","Final","","Scopus","2-s2.0-105024094554"
"Cui X.; Yu C.; Zhou J.","Cui, Xiaoqian (60228229800); Yu, Chunmiao (60228323800); Zhou, Jing (60228229900)","60228229800; 60228323800; 60228229900","Does agricultural insurance promote the new-quality productivity? Evidence from double machine learning","2026","International Review of Economics and Finance","105","","104797","","","11","10.1016/j.iref.2025.104797","https://www.scopus.com/pages/publications/105024097545?origin=resultslist","Agricultural new-quality productivity is central to high-quality agricultural transformation. As the sector's main risk-management instrument, agricultural insurance and its transmission mechanisms merit careful study. Drawing on a balanced panel of 284 prefecture-level and above cities in China for 2008–2023 and machine-learning methods, this paper estimates the effect of agricultural insurance on new-quality productivity and traces its channels. The results show that agricultural insurance significantly promotes new-quality productivity. The effect operates through three mechanisms: attracting agricultural firms and improving the production environment; optimizing labor allocation and raising factor efficiency; and fostering technological innovation that strengthens overall productive capacity. Heterogeneity checks show a stronger effect in the central and western regions, in major grain-producing and supply–demand-balanced areas, and in regions with moderate disaster exposure or low-to-moderate incidence of extreme weather. These findings provide theoretical and empirical grounds for leveraging agricultural insurance to promote high-quality agricultural development and boost new-quality productivity. Copyright © 2025. Published by Elsevier Inc.","Agricultural firm entry; Agricultural insurance; Agricultural technological innovation; Labor resource allocation; Machine learning; New-quality productivity","","Article","Final","All Open Access; Gold Open Access; Green Open Access","Scopus","2-s2.0-105024097545"
"He Z.; Jiang T.; Zhu L.; Yao N.; Li Y.; Feng H.; Liu D.L.; He L.; He J.; Yu Q.","He, Zhihao (57211073606); Jiang, Tengcong (57199705741); Zhu, Lin (58595843600); Yao, Ning (57189372549); Li, Yi (50361553600); Feng, Hao (57212269257); Liu, De Li (57749997900); He, Liang (59888732000); He, Jianqiang (55649122800); Yu, Qiang (57199725155)","57211073606; 57199705741; 58595843600; 57189372549; 50361553600; 57212269257; 57749997900; 59888732000; 55649122800; 57199725155","Causal inference reveals the dominant role of climate-adaptation coupling in future potato production","2026","Agricultural Systems","238","","104848","","","0","10.1016/j.agsy.2026.104848","https://www.scopus.com/pages/publications/105041073464?origin=resultslist","CONTEXT: Climate change is transforming agricultural production at an unprecedented pace and poses a substantial threat to food security. Although many adaptation measures have been proposed, the causal effects of climate-adaptation couplings to potato yield remain poorly understood. In the climate-sensitive potato production region of Loess Plateau in China, clarifying this coupling process is critical for developing effective adaptive production strategies. OBJECTIVE: This study aims to evaluate the impacts of different adaptation packages on potato yield under future non-stationary climate conditions on the Loess Plateau of China, and to clarify the role of climate-adaptation coupling in yield formation using causal inference. METHODS: We integrated multi-model simulations, interpretable machine learning, and a multi-arm causal forest model to systematically assess the impacts of 54 adaptation combinations on future potato yield under the SSP245 and SSP585 scenarios. Standardized mixed-effects models were used to decompose the contributions of climatic factors, adaptation measures, and their coupling effects to yield variation.RESULTS AND CONCLUSIONSWe find that the combination of early planting, rainfed management, increased nitrogen application, and plastic film mulching was the highest-yielding strategy, increasing projected yields by 19.50-20.94% in future. However, adaptation benefits decline over time and with higher emission intensity, especially during 2071-2100 under SSP585. Causal analysis within the simulated framework shows that the treatment effects of most adaptation combinations are diminished by climate-adaptation coupling. Meanwhile, heat stress progressively offsets the positive influences of water and CO2 fertilization. Using standardized mixed-effects models, we quantify that climate-adaptation coupling explains 37.63-42.42% of yield variation, significantly higher than the effect of single climatic or adaptation factors. The optimal adaptation strengthens positive couplings such as nitrogen-precipitation and mulching-precipitation, improving water-nutrient synergy under rainfed conditions while avoiding the compounded hot-wet stress that can arise from irrigation combined with mulching under high temperatures. Spatially, the arid, cool western plateau benefits most from couplings, although that advantage is reduced under SSP585. SIGNIFICANCE: This study demonstrates that sustaining future potato production requires dynamic, regionally differentiated adaptation pathways that prioritize heat stress mitigation and actively reinforce positive climate-adaptation couplings. These findings provide a mechanistic basis for designing climate-smart potato cropping systems. © 2026 Elsevier Ltd. All rights are reserved, including those for text and data mining, AI training, and similar technologies.","Causal inference; Climate-adaptation couplings; Potato; Yield sensitivity","China; Loess Plateau; adaptive management; climate change; climate conditions; crop production; crop yield; machine learning; potato","Article","Final","","Scopus","2-s2.0-105041073464"
"Mutuc M.; Rejesus R.M.; Yorobe Jr. J.M.","Mutuc, Maria (46161379400); Rejesus, Roderick M. (6603323922); Yorobe Jr., Jose M. (15129333400)","46161379400; 6603323922; 15129333400","Which farmers benefit the most from Bt corn adoption? Estimating heterogeneity effects in the Philippines","2013","Agricultural Economics (United Kingdom)","44","2","","231","239","23","10.1111/agec.12006","https://www.scopus.com/pages/publications/84874568691?origin=resultslist","The potential contributions of new biotechnologies to sustainable food and income security have been the subject of widespread discussions around the turn of the 21st century. But distributional issues of which segments of adopters of genetically modified (GM) crops benefit the most have not been given ample attention). Using propensity scores, we apply the (a) stratification-multilevel method of estimating heterogeneous treatment effects; and the (b) matching-smoothing method of estimating heterogeneous treatment effects proposed by Xie et al. We find that the incidence of higher yields, lower insecticide use, and reduced seed utilization in the Philippines diminishes progressively as a farmer's propensity to adopt Bt corn increases. Farmers with a low propensity to adopt Bt are those who farm smaller, nonirrigated farms located farther from seed suppliers and farmers without previous training on pest identification. In most cases, while these farmers are typically poorer farmers in smaller parcels, cannot afford irrigation and are situated in remote areas away from easily accessible seed suppliers, there is no evidence, however, that profits differ across farmers with varying propensities to adopt the Bt variety. © 2013 International Association of Agricultural Economists.","Bt; GMO; Heterogeneous treatment effects; Propensity score; Technology","Philippines; Zea mays; agricultural economics; agricultural research; agricultural technology; agronomy; biotechnology; crop yield; estimation method; genetically modified organism; heterogeneity; insecticide; irrigation system; maize; profitability; smoothing; sustainability; training; twenty first century","Article","Final","","Scopus","2-s2.0-84874568691"
"Wang Y.; Wang B.; Wang X.; Bai X.","Wang, Yu (60635559700); Wang, Boqian (59952816300); Wang, Xianghui (60635559800); Bai, Xiuguang (23476473500)","60635559700; 59952816300; 60635559800; 23476473500","Does high-value agriculture exacerbate rural household income inequality? Evidence from China’s national advantageous agricultural product zones policy","2026","China Agricultural Economic Review","18","3","","522","547","1","10.1108/CAER-06-2025-0323","https://www.scopus.com/pages/publications/105039152718?origin=resultslist","Purpose – This paper aims to investigate whether the promotion of high-value agriculture (HVA) in China contributes to rural income inequality and to identify the mechanisms through which such impacts may arise. The study focuses on the national advantageous agricultural product zones (NAAPZ) policy as a key policy intervention to promote HVA. Design/methodology/approach – The study uses the staggered implementation of the NAAPZ policy as a quasi-natural experiment. It draws on four waves of micro-level panel data from the China Family Panel Studies covering 2016 to 2022, comprising over 29, 000 observations. A double machine learning framework is employed to control for high-dimensional household and regional characteristics flexibly, enhancing the robustness of causal inference. Findings – The findings show that NAAPZ policy significantly increases rural household income inequality, with the household-level Kakwani index rising by an average of 0.033. Mechanism analyses confirm an elite capture effect, as households with higher education and stronger digital capacity disproportionately benefit from entrepreneurial and non-farm opportunities. Spatial disparities also emerge: households in township centers or county seats gain more than those in peripheral villages. Further, sectoral heterogeneity is evident – crop-oriented programs are strongly associated with rising inequality, whereas livestock initiatives show no significant effect. Finally, governance differences matter: city-level initiatives exert more substantial inequality impacts than county-level ones. Practical implications – These findings highlight a policy paradox: although NAAPZ is designed to foster inclusive rural growth, it may unintentionally amplify disparities. Policy measures should therefore include targeted training for disadvantaged households, microcredit access for resource-poor farmers, infrastructure investment in peripheral regions and safeguards against elite capture to ensure more equitable outcomes. Originality/value – This paper provides the micro-level causal evidence on the distributional impacts of HVA in China, combining a quasi-experimental design with advanced machine learning methods. It reveals individual-level and spatial mechanisms – specifically elite capture and spatial differences – through which agricultural modernization policies may influence income inequality. The insights offer valuable guidance for other developing economies seeking to balance economic upgrading with social equity. © 2026 Emerald Publishing Limited","Double machine learning; High-value agriculture; Income inequality; National advantageous agricultural product zones","","Article","Final","","Scopus","2-s2.0-105039152718"
"Kakimoto S.; Mieno T.; Tanaka T.S.T.; Bullock D.S.","Kakimoto, Shunkei (57781408900); Mieno, Taro (36193156600); Tanaka, Takashi S.T. (57211710745); Bullock, David S (35366018600)","57781408900; 36193156600; 57211710745; 35366018600","Causal forest approach for site-specific input management via on-farm precision experimentation","2022","Computers and Electronics in Agriculture","199","","107164","","","22","10.1016/j.compag.2022.107164","https://www.scopus.com/pages/publications/85133410543?origin=resultslist","Estimating site-specific crop yield response to changes to input (e.g., seed, fertilizer) management is a critical step in making economically optimal site-specific input management recommendations. Past studies have attempted to estimate yield response functions using various Machine Learning (ML) methods, including the Random Forest (RF), Boosted Random Forest (BRF), and Convolutional Neural Network (CNN) methods. This study proposes use of the Causal Forest (CF) model, which is one of the emerging ML methods that comprise “Causal Machine Learning.” Unlike previous yield-prediction-oriented ML methods, CF focuses strictly on estimating heterogeneous treatment effects (changes in yields that result from changes in input application rates) of inputs. We report results of using Monte Carlo simulations assuming various production scenarios to test the effectiveness of CF in estimating site-specific economically optimal nitrogen rates (EONRs), comparing CF with the yield-prediction-oriented ML methods RF, BRF, and CNN. CF's estimations of site-specific EONRs were superior under all scenarios considered. We also show that the model's yield prediction accuracy need not imply EONR prediction accuracy. © 2022 Elsevier B.V.","Causal forest; Economically optimal input rates; Machine learning; Nitrogen rate; On-farm precision experimentation; Site-specific input management","Convolutional neural networks; Decision trees; Forecasting; Forestry; Intelligent systems; Monte Carlo methods; Nitrogen; Random forests; Seed; Causal forest; Economically optimal input rate; Input rate; Machine learning methods; Machine-learning; Nitrogen rate; On-farm precision experimentation; Random forests; Site-specific; Site-specific input management; crop yield; experimental study; machine learning; nitrogen; precision agriculture; yield response; Machine learning","Article","Final","All Open Access; Bronze Open Access; Green Open Access","Scopus","2-s2.0-85133410543"
"Pufahl A.; Weiss C.R.","Pufahl, Andrea (26533093100); Weiss, Christoph R. (7202167084)","26533093100; 7202167084","Evaluating the effects of farm programmes: Results from propensity score matching","2009","European Review of Agricultural Economics","36","1","jbp001","79","101","134","10.1093/erae/jbp001","https://www.scopus.com/pages/publications/65349090140?origin=resultslist","The paper applies a semi-parametric propensity score matching approach to evaluate the effects of agri-environment (AE) programmes on input use and farm output of individual farms in Germany. The analysis reveals a positive and significant treatment effect of AE programmes on the area under cultivation, in particular grassland, resulting in a decrease of cattle livestock densities. Furthermore, participation significantly reduced the purchase of farm chemicals (fertiliser, pesticide). We also find differences in the treatment effect among individual farms (heterogeneous treatment effects).Farms that can generate the largest benefit from the programme are most likely to participate. © 2009 Oxford University Press and Foundation for the European Review of Agricultural Economics; All rights reserved.","Evaluation; Farm programmes; Propensity score matching","Bos","Article","Final","All Open Access; Green Open Access","Scopus","2-s2.0-65349090140"
"Leal A.; Martins M.M.V.","Leal, Alan (57220806808); Martins, Michelle Marcia Viana (59920866300)","57220806808; 59920866300","Do More Open Economies Export Less Diversely in Brazilian Agribusiness?","2026","Agribusiness","","","","","","0","10.1002/agr.70135","https://www.scopus.com/pages/publications/105043948310?origin=resultslist","This paper asks whether municipalities with a larger export-to-revenue ratio display a more concentrated bundle of exported goods in Brazilian agribusiness. Recent advances in export imputation for Brazilian municipalities allow for an analysis of the concentration profile of each municipality and its association with export openness. We make three contributions: we develop an Export-Intensive Gini Index based on Monte Carlo simulations that isolates commodity-specific concentration while accounting for the composition of the remaining export portfolio; we apply a double machine learning estimator to characterize the partial association between openness and concentration while controlling for hundreds of municipal characteristics covering geography, infrastructure, demography, and institutions; we provide a cross-sectional description, for 2023, of subnational export concentration in a developing economy using production-based rather than customs-based trade data. Results show heterogeneity across commodities. Coffee displays the strongest positive association between export openness and concentration, followed by corn, soybeans, and sugar, while beef displays a negative coefficient. For policymakers, coffee- and corn-producing municipalities face rising exposure to price volatility as global integration deepens, requiring targeted risk mitigation. Conversely, the weak relationships for soybeans and sugar suggest these sectors may offer more stable foundations for export-oriented development. © 2026 The Author(s). Agribusiness published by Wiley Periodicals LLC.","agricultural commodities; concentration; DML; exports; Gini index; machine learning","","Article","Article in press","All Open Access; Hybrid Gold Open Access","Scopus","2-s2.0-105043948310"
"Li Y.; Jin X.; Su Y.; Wu G.","Li, Yan (60531175500); Jin, Xiaofei (60497681900); Su, Yan (60530767100); Wu, Guansheng (58783446400)","60531175500; 60497681900; 60530767100; 58783446400","Digital technology driving agricultural low-carbon transition: a case study of land transfer and industrial integration in China","2026","Frontiers in Sustainable Food Systems","10","","1790377","","","1","10.3389/fsufs.2026.1790377","https://www.scopus.com/pages/publications/105033576561?origin=resultslist","As a crucial pillar for rural revitalization and carbon neutrality strategies, the role of digital technology (DT) in agricultural low-carbon transition (ALCT) has become increasingly prominent. Based on panel data from 30 Chinese provinces spanning 2010–2024, this study constructs an ALCT evaluation framework from dual perspectives of carbon sequestration and carbon emissions, employs two-way fixed effects models and double machine learning (DML) methods to systematically assess the impact of DT on ALCT, and explores the underlying mechanisms through two dimensions: land transfer (LT) and industrial integration (II). The results show that: (1) DT significantly promotes ALCT, and this conclusion remains stable across multiple robustness tests including alternative calculation methods, variable substitutions, policy interference exclusion, and instrumental variable approaches. (2) Mechanism analysis reveals that DT indirectly drives ALCT through two pathways-facilitating LT and promoting II-verifying the partial mediating roles of both mechanisms. (3) Heterogeneity analysis demonstrates that DT significantly promotes ALCT in both major grain-producing areas and non-major grain-producing areas, with the promotional effect being notably stronger in non-major grain-producing regions. These findings provide empirical evidence for DT empowerment in agricultural green development and offer important references for formulating differentiated low-carbon agricultural policies. Copyright © 2026 Li, Jin, Su and Wu.","agricultural eco-efficiency; agricultural low-carbon transition; digital technology; double machine learning; industrial integration; land transfer","","Article","Final","All Open Access; Gold Open Access; Green Open Access","Scopus","2-s2.0-105033576561"
